-- phpMyAdmin SQL Dump
-- version 4.5.1
-- http://www.phpmyadmin.net
--
-- Host: 127.0.0.1
-- Erstellungszeit: 08. Mai 2018 um 16:04
-- Server-Version: 10.1.16-MariaDB
-- PHP-Version: 7.0.9

SET SQL_MODE = "NO_AUTO_VALUE_ON_ZERO";
SET time_zone = "+00:00";


/*!40101 SET @OLD_CHARACTER_SET_CLIENT=@@CHARACTER_SET_CLIENT */;
/*!40101 SET @OLD_CHARACTER_SET_RESULTS=@@CHARACTER_SET_RESULTS */;
/*!40101 SET @OLD_COLLATION_CONNECTION=@@COLLATION_CONNECTION */;
/*!40101 SET NAMES utf8mb4 */;

--
-- Datenbank: `spacecombat`
--

-- --------------------------------------------------------

--
-- Tabellenstruktur für Tabelle `actions`
--

CREATE TABLE `actions` (
  `id` int(3) NOT NULL,
  `shipid` int(3) DEFAULT NULL,
  `turn` int(3) DEFAULT NULL,
  `type` varchar(255) DEFAULT NULL,
  `dist` int(4) DEFAULT NULL,
  `x` int(4) DEFAULT NULL,
  `y` int(4) DEFAULT NULL,
  `a` int(3) DEFAULT NULL,
  `cost` int(4) DEFAULT NULL,
  `delay` int(4) DEFAULT NULL,
  `costmod` float DEFAULT NULL,
  `resolved` tinyint(1) DEFAULT NULL
) ENGINE=InnoDB DEFAULT CHARSET=latin1;

--
-- Daten für Tabelle `actions`
--

INSERT INTO `actions` (`id`, `shipid`, `turn`, `type`, `dist`, `x`, `y`, `a`, `cost`, `delay`, `costmod`, `resolved`) VALUES
(1, 2, 1, 'deploy', 0, 654, 162, 180, 0, 0, 1, 1),
(2, 3, 1, 'deploy', 0, 619, -150, 180, 0, 0, 1, 1),
(3, 4, 1, 'deploy', 0, 646, 485, 180, 0, 0, 1, 1),
(4, 1, 1, 'deploy', 0, -669, 207, 0, 0, 0, 1, 1),
(5, 1, 1, 'jumpIn', 0, -669, 207, 0, 0, 0, 0, 1),
(6, 2, 1, 'jumpIn', 0, 654, 162, 0, 0, 0, 0, 1),
(7, 3, 1, 'jumpIn', 0, 619, -150, 0, 0, 0, 0, 1),
(8, 4, 1, 'jumpIn', 0, 646, 485, 0, 0, 0, 0, 1),
(9, 3, 1, 'move', 165, 454, -150, 0, 0, 0, 1, 1),
(10, 4, 1, 'move', 165, 481, 485, 0, 0, 0, 1, 1),
(11, 2, 1, 'move', 155, 499, 162, 0, 0, 0, 1, 1),
(12, 1, 1, 'move', 155, -514, 207, 0, 0, 0, 1, 1),
(13, 5, 2, 'deploy', 0, -475, 218, 16, 1, 0, 1, 1),
(14, 6, 2, 'deploy', 0, -476, 193, -20, 1, 0, 1, 1),
(15, 3, 2, 'move', 165, 289, -150, 0, 0, 0, 1, 1),
(16, 4, 2, 'move', 165, 316, 485, 0, 0, 0, 1, 1),
(17, 1, 2, 'move', 155, -359, 207, 0, 0, 0, 1, 1),
(18, 2, 2, 'move', 155, 344, 162, 0, 0, 0, 1, 1),
(19, 5, 2, 'move', 835, -390, 247, 19, 0, 0, 0, 1),
(20, 6, 2, 'move', 839, -394, 156, 336, 0, 0, 0, 1),
(21, 7, 3, 'deploy', 0, 264, -139, 156, 1, 0, 1, 1),
(22, 8, 3, 'deploy', 0, 290, 476, -161, 1, 0, 1, 1),
(23, 3, 3, 'move', 165, 124, -150, 0, 0, 0, 1, 1),
(24, 4, 3, 'move', 165, 151, 485, 0, 0, 0, 1, 1),
(25, 1, 3, 'move', 155, -204, 207, 0, 0, 0, 1, 1),
(26, 2, 3, 'move', 155, 189, 162, 0, 0, 0, 1, 1),
(27, 5, 3, 'move', 592, -225, 319, 24, 0, 0, 0, 1),
(28, 6, 3, 'move', 602, -239, 64, 329, 0, 0, 0, 1),
(29, 7, 3, 'move', 543, 181, -105, 158, 0, 0, 0, 1),
(30, 8, 3, 'move', 539, 204, 450, 197, 0, 0, 0, 1),
(31, 9, 4, 'deploy', 0, -204, 207, 0, 1, 0, 1, 1),
(32, 10, 4, 'deploy', 0, -164, 202, -7, 1, 0, 1, 1),
(33, 4, 4, 'move', 165, -14, 485, 0, 0, 0, 1, 1),
(34, 3, 4, 'move', 165, -41, -150, 0, 0, 0, 1, 1),
(35, 1, 4, 'turn', 0, -204, 207, -30, 30, 105, 1, 1),
(36, 1, 4, 'move', 155, -70, 130, 0, 0, 0, 1, 1),
(37, 2, 4, 'turn', 0, 189, 162, 30, 30, 95, 1, 1),
(38, 2, 4, 'move', 155, 55, 84, 0, 0, 0, 1, 1),
(39, 9, 4, 'move', 155, -70, 130, 330, 0, 0, 0, 1),
(40, 6, 4, 'move', 292, -56, -134, 313, 0, 0, 0, 1),
(41, 5, 4, 'move', 269, -14, 485, 38, 0, 0, 0, 1),
(42, 10, 4, 'move', 249, -85, 159, 332, 0, 0, 0, 1),
(43, 7, 4, 'move', 239, 2, -127, 187, 0, 0, 0, 1),
(44, 8, 4, 'move', 221, 26, 479, 171, 0, 0, 0, 1),
(45, 4, 5, 'move', 165, -179, 485, 0, 0, 0, 1, 1),
(46, 3, 5, 'move', 165, -206, -150, 0, 0, 0, 1, 1),
(47, 2, 5, 'move', 155, -79, 6, 0, 0, 0, 1, 1),
(48, 1, 5, 'move', 155, 64, 52, 0, 0, 0, 1, 1),
(49, 9, 5, 'move', 156, 64, 52, 330, 0, 0, 0, 1),
(50, 6, 5, 'move', 151, -206, -150, 186, 0, 0, 0, 1),
(51, 5, 5, 'move', 165, -179, 485, 180, 0, 0, 0, 1),
(52, 10, 5, 'move', 154, -79, 6, 272, 0, 0, 0, 1),
(53, 7, 5, 'move', 210, -206, -150, 186, 0, 0, 0, 1),
(54, 8, 5, 'move', 206, -179, 485, 178, 0, 0, 0, 1),
(55, 2, 6, 'turn', 0, -79, 6, -30, 30, 95, 1, 1),
(56, 2, 6, 'move', 155, -234, 6, 0, 0, 0, 1, 1),
(57, 4, 6, 'turn', 0, -179, 485, 30, 30, 63, 1, 1),
(58, 4, 6, 'move', 165, -322, 403, 0, 0, 0, 1, 1),
(59, 1, 6, 'move', 155, 198, -26, 0, 0, 0, 1, 1),
(60, 3, 6, 'move', 165, -371, -150, 0, 0, 0, 1, 1),
(61, 9, 6, 'move', 156, 198, -26, 330, 0, 0, 0, 1),
(62, 6, 6, 'move', 165, -371, -150, 180, 0, 0, 0, 1),
(63, 5, 6, 'move', 165, -322, 403, 210, 0, 0, 0, 1),
(64, 10, 6, 'move', 155, -234, 6, 180, 0, 0, 0, 1),
(65, 7, 6, 'move', 165, -371, -150, 180, 0, 0, 0, 1),
(66, 8, 6, 'move', 165, -322, 403, 210, 0, 0, 0, 1),
(67, 2, 7, 'move', 155, -389, 6, 0, 0, 0, 1, 1),
(68, 3, 7, 'move', 165, -536, -150, 0, 0, 0, 1, 1),
(69, 1, 7, 'turn', 0, 198, -26, -30, 30, 105, 1, 1),
(70, 1, 7, 'move', 155, 276, -160, 0, 0, 0, 1, 1),
(71, 4, 7, 'move', 165, -465, 321, 0, 0, 0, 1, 1),
(72, 9, 7, 'move', 156, 276, -160, 300, 0, 0, 0, 1),
(73, 6, 7, 'move', 165, -536, -150, 180, 0, 0, 0, 1),
(74, 5, 7, 'move', 165, -465, 321, 210, 0, 0, 0, 1),
(75, 10, 7, 'move', 329, -193, 86, 63, 0, 0, 0, 1),
(76, 7, 7, 'move', 296, -317, -78, 53, 0, 0, 0, 1),
(77, 8, 7, 'move', 165, -465, 321, 210, 0, 0, 0, 1),
(78, 12, 1, 'deploy', 0, 641, -83, 180, 0, 0, 1, 1),
(79, 13, 1, 'deploy', 0, 654, 275, 180, 0, 0, 1, 1),
(80, 11, 1, 'deploy', 0, -637, 120, 0, 0, 0, 1, 1),
(81, 11, 1, 'jumpIn', 0, -637, 120, 0, 0, 0, 0, 1),
(82, 12, 1, 'jumpIn', 0, 641, -83, 0, 0, 0, 0, 1),
(83, 13, 1, 'jumpIn', 0, 654, 275, 0, 0, 0, 0, 1),
(84, 12, 1, 'move', 165, 476, -83, 0, 0, 0, 1, 1),
(85, 13, 1, 'move', 175, 479, 275, 0, 0, 0, 1, 1),
(86, 11, 1, 'move', 155, -482, 120, 0, 0, 0, 1, 1),
(87, 11, 1, 'turn', 0, -482, 120, -12, 24, 0, 1, 1),
(88, 12, 2, 'move', 165, 311, -83, 0, 0, 0, 1, 1),
(89, 13, 2, 'move', 175, 304, 275, 0, 0, 0, 1, 1),
(90, 11, 2, 'move', 155, -330, 88, 0, 0, 0, 1, 1),
(91, 12, 3, 'turn', 0, 311, -83, 30, 30, 65, 1, 1),
(92, 12, 3, 'move', 165, 168, -165, 0, 0, 0, 1, 1),
(93, 13, 3, 'move', 175, 129, 275, 0, 0, 0, 1, 1),
(94, 11, 3, 'move', 155, -178, 56, 0, 0, 0, 1, 1),
(95, 11, 3, 'turn', 0, -178, 56, -21, 42, 0, 1, 1),
(96, 2, 8, 'move', 155, -544, 6, 0, 0, 0, 1, 1),
(97, 3, 8, 'turn', 0, -536, -150, 9, 9, 19, 1, 1),
(98, 3, 8, 'move', 165, -699, -176, 0, 0, 0, 1, 1),
(99, 1, 8, 'turn', 0, 276, -160, -30, 30, 105, 1, 1),
(100, 1, 8, 'move', 105, 276, -265, 0, 0, 0, 1, 1),
(101, 1, 8, 'turn', 0, 276, -265, -23, 23, 81, 1, 1),
(102, 1, 8, 'move', 50, 256, -311, 0, 0, 0, 1, 1),
(103, 4, 8, 'turn', 0, -465, 321, 30, 30, 63, 1, 1),
(104, 4, 8, 'move', 63, -496, 266, 0, 0, 0, 1, 1),
(105, 4, 8, 'turn', 0, -496, 266, 30, 30, 63, 1, 1),
(106, 4, 8, 'move', 102, -496, 164, 0, 0, 0, 1, 1),
(107, 4, 8, 'turn', 0, -496, 164, 25, 25, 53, 1, 1),
(108, 9, 8, 'move', 153, 256, -311, 262, 0, 0, 0, 1),
(109, 6, 8, 'move', 166, -699, -176, 189, 0, 0, 0, 1),
(110, 5, 8, 'move', 161, -496, 164, 259, 0, 0, 0, 1),
(111, 10, 8, 'move', 239, -112, 247, 63, 0, 0, 0, 1),
(112, 7, 8, 'move', 385, -221, 74, 58, 0, 0, 0, 1),
(113, 8, 8, 'move', 161, -496, 164, 259, 0, 0, 0, 1),
(114, 4, 9, 'move', 165, -426, 14, 0, 0, 0, 1, 1),
(115, 3, 9, 'move', 165, -862, -202, 0, 0, 0, 1, 1),
(116, 1, 9, 'move', 31, 244, -340, 0, 0, 0, 1, 1),
(117, 1, 9, 'turn', 0, 244, -340, -30, 30, 105, 1, 1),
(118, 1, 9, 'move', 105, 160, -403, 0, 0, 0, 1, 1),
(119, 1, 9, 'turn', 0, 160, -403, -16, 16, 56, 1, 1),
(120, 1, 9, 'move', 19, 142, -410, 0, 0, 0, 1, 1),
(121, 2, 9, 'move', 155, -699, 6, 0, 0, 0, 1, 1),
(122, 9, 9, 'move', 151, 142, -410, 221, 0, 0, 0, 1),
(123, 6, 9, 'move', 166, -862, -202, 189, 0, 0, 0, 1),
(124, 5, 9, 'move', 166, -426, 14, 295, 0, 0, 0, 1),
(125, 10, 9, 'move', 59, -85, 299, 63, 0, 0, 0, 1),
(126, 7, 9, 'move', 263, -85, 299, 59, 0, 0, 0, 1),
(127, 8, 9, 'move', 166, -426, 14, 295, 0, 0, 0, 1),
(128, 2, 10, 'move', 155, -854, 6, 0, 0, 0, 1, 1),
(129, 3, 10, 'turn', 0, -862, -202, 30, 30, 63, 1, 1),
(130, 3, 10, 'move', 165, -990, -306, 0, 0, 0, 1, 1),
(131, 4, 10, 'move', 165, -356, -136, 0, 0, 0, 1, 1),
(132, 1, 10, 'move', 155, -3, -466, 0, 0, 0, 1, 1),
(133, 9, 10, 'move', 156, -3, -466, 201, 0, 0, 0, 1),
(134, 6, 10, 'move', 165, -990, -306, 219, 0, 0, 0, 1),
(135, 5, 10, 'move', 166, -356, -136, 295, 0, 0, 0, 1),
(136, 10, 10, 'patrol', 0, -85, 299, -1, 0, 0, 0, 1),
(137, 7, 10, 'patrol', 0, -85, 299, 360, 0, 0, 0, 1),
(138, 8, 10, 'move', 166, -356, -136, 295, 0, 0, 0, 1),
(139, 4, 11, 'turn', 0, -356, -136, 30, 30, 63, 1, 1),
(140, 4, 11, 'move', 63, -304, -172, 0, 0, 0, 1, 1),
(141, 4, 11, 'turn', 0, -304, -172, 30, 30, 63, 1, 1),
(142, 4, 11, 'move', 63, -241, -177, 0, 0, 0, 1, 1),
(143, 4, 11, 'turn', 0, -241, -177, 25, 25, 53, 1, 1),
(144, 4, 11, 'move', 39, -204, -164, 0, 0, 0, 1, 1),
(145, 3, 11, 'move', 165, -1118, -410, 0, 0, 0, 1, 1),
(146, 2, 11, 'turn', 0, -854, 6, 30, 30, 95, 1, 1),
(147, 2, 11, 'move', 95, -936, -42, 0, 0, 0, 1, 1),
(148, 2, 11, 'turn', 0, -936, -42, 30, 42, 60, 1, 1),
(149, 2, 11, 'move', 60, -966, -94, 0, 0, 0, 1, 1),
(150, 2, 11, 'turn', 0, -966, -94, 8, 8, 26, 1, 1),
(151, 13, 4, 'roll', 1, 129, 275, 0, 45, 0, 1, 1),
(152, 13, 4, 'move', 175, -46, 275, 0, 0, 0, 1, 1),
(153, 11, 4, 'move', 155, -48, -28, 0, 0, 0, 1, 1),
(154, 12, 4, 'flip', 1, 168, -165, 0, 35, 0, 1, 1),
(155, 12, 4, 'move', 82, 97, -206, 0, 0, 0, 1, 1),
(156, 1, 11, 'move', 155, -148, -522, 0, 0, 0, 1, 1),
(157, 9, 11, 'move', 156, -148, -522, 201, 0, 0, 0, 1),
(158, 6, 11, 'move', 165, -1118, -410, 219, 0, 0, 0, 1),
(159, 5, 11, 'move', 155, -204, -164, 350, 0, 0, 0, 1),
(160, 10, 11, 'patrol', 0, -85, 299, -1, 0, 0, 0, 1),
(161, 7, 11, 'patrol', 0, -85, 299, -1, 0, 0, 0, 1),
(162, 8, 11, 'move', 155, -204, -164, -1, 0, 0, 0, 1),
(163, 16, 1, 'deploy', 0, -652, -130, 0, 0, 0, 1, 1),
(164, 17, 1, 'deploy', 0, -637, 682, 0, 0, 0, 1, 1),
(165, 18, 1, 'deploy', 0, -649, 287, 0, 0, 0, 1, 1),
(166, 19, 1, 'deploy', 0, 684, -142, 180, 0, 0, 1, 1),
(167, 21, 1, 'deploy', 0, 609, 687, 180, 0, 0, 1, 1),
(168, 20, 1, 'deploy', 0, 669, 43, 180, 0, 0, 1, 1),
(169, 16, 1, 'jumpIn', 0, -652, -130, 0, 0, 0, 0, 1),
(170, 17, 1, 'jumpIn', 0, -637, 682, 0, 0, 0, 0, 1),
(171, 18, 1, 'jumpIn', 0, -649, 287, 0, 0, 0, 0, 1),
(172, 19, 1, 'jumpIn', 0, 684, -142, 0, 0, 0, 0, 1),
(173, 20, 1, 'jumpIn', 0, 669, 43, 0, 0, 0, 0, 1),
(174, 21, 1, 'jumpIn', 0, 609, 687, 0, 0, 0, 0, 1),
(175, 21, 1, 'move', 165, 444, 687, 0, 0, 0, 1, 1),
(176, 20, 1, 'move', 165, 504, 43, 0, 0, 0, 1, 1),
(177, 16, 1, 'move', 165, -487, -130, 0, 0, 0, 1, 1),
(178, 17, 1, 'move', 165, -472, 682, 0, 0, 0, 1, 1),
(179, 18, 1, 'move', 175, -474, 287, 0, 0, 0, 1, 1),
(180, 19, 1, 'move', 155, 529, -142, 0, 0, 0, 1, 1),
(181, 19, 1, 'turn', 0, 529, -142, -1, 2, 0, 1, 1),
(182, 22, 2, 'deploy', 0, 491, 43, 166, 0, 0, 0, 1),
(183, 16, 2, 'move', 165, -322, -130, 0, 0, 0, 1, 1),
(184, 18, 2, 'move', 175, -299, 287, 0, 0, 0, 1, 1),
(185, 18, 2, 'turn', 0, -299, 287, -17, 36, 0, 1, 1),
(186, 19, 2, 'move', 155, 374, -139, 0, 0, 0, 1, 1),
(187, 20, 2, 'move', 165, 339, 43, 0, 0, 0, 1, 1),
(188, 21, 2, 'move', 165, 279, 687, 0, 0, 0, 1, 1),
(189, 17, 2, 'move', 165, -307, 682, 0, 0, 0, 1, 1),
(190, 22, 2, 'move', 827, 355, 85, 163, 0, 0, 0, 1),
(191, 16, 3, 'turn', 0, -322, -130, -30, 30, 65, 1, 1),
(192, 16, 3, 'move', 165, -179, -212, 0, 0, 0, 1, 1),
(193, 17, 3, 'turn', 0, -307, 682, -30, 30, 65, 1, 1),
(194, 17, 3, 'move', 165, -164, 600, 0, 0, 0, 1, 1),
(195, 17, 3, 'turn', 0, -164, 600, -30, 55, 11, 1, 1),
(196, 21, 3, 'move', 165, 114, 687, 0, 0, 0, 1, 1),
(197, 20, 3, 'move', 165, 174, 43, 0, 0, 0, 1, 1),
(198, 20, 3, 'turn', 0, 174, 43, 11, 22, 0, 1, 1),
(199, 18, 3, 'turn', 0, -299, 287, -10, 11, 15, 1, 1),
(200, 18, 3, 'move', 175, -143, 208, 0, 0, 0, 1, 1),
(201, 19, 3, 'turn', 0, 374, -139, 9, 9, 25, 1, 1),
(202, 19, 3, 'move', 155, 221, -161, 0, 0, 0, 1, 1),
(203, 22, 3, 'move', 513, 79, 153, 166, 0, 0, 0, 1),
(204, 23, 4, 'deploy', 0, 181, -166, -173, 1, 0, 1, 1),
(205, 19, 4, 'turn', 0, 221, -161, -30, 30, 86, 1, 1),
(206, 19, 4, 'move', 155, 77, -103, 0, 0, 0, 1, 1),
(207, 19, 4, 'turn', 0, 77, -103, -30, 40, 58, 1, 1),
(208, 21, 4, 'move', 165, -51, 687, 0, 0, 0, 1, 1),
(209, 21, 4, 'turn', 0, -51, 687, 30, 60, 0, 1, 1),
(210, 16, 4, 'move', 165, -36, -295, 0, 0, 0, 1, 1),
(211, 16, 4, 'turn', 0, -36, -295, 30, 60, 0, 1, 1),
(212, 17, 4, 'move', 165, -81, 457, 0, 0, 0, 1, 1),
(213, 18, 4, 'move', 175, 13, 129, 0, 0, 0, 1, 1),
(214, 18, 4, 'turn', 0, 13, 129, -15, 30, 0, 1, 1),
(215, 20, 4, 'turn', 0, 174, 43, 30, 30, 53, 1, 1),
(216, 20, 4, 'move', 165, 49, -65, 0, 0, 0, 1, 1),
(217, 20, 4, 'turn', 0, 49, -65, 30, 50, 18, 1, 1),
(218, 22, 4, 'move', 71, 13, 129, 200, 0, 0, 0, 1),
(219, 23, 4, 'move', 253, 104, -212, 211, 0, 0, 0, 1);

-- --------------------------------------------------------

--
-- Tabellenstruktur für Tabelle `chat`
--

CREATE TABLE `chat` (
  `id` int(5) NOT NULL,
  `username` varchar(30) DEFAULT NULL,
  `userid` int(3) DEFAULT NULL,
  `msg` varchar(255) DEFAULT NULL,
  `time` int(10) DEFAULT NULL
) ENGINE=InnoDB DEFAULT CHARSET=latin1;

-- --------------------------------------------------------

--
-- Tabellenstruktur für Tabelle `damages`
--

CREATE TABLE `damages` (
  `id` int(5) NOT NULL,
  `fireid` int(5) DEFAULT NULL,
  `gameid` int(5) DEFAULT NULL,
  `shipid` int(5) DEFAULT NULL,
  `structureid` int(5) DEFAULT NULL,
  `systemid` int(3) DEFAULT NULL,
  `turn` int(3) DEFAULT NULL,
  `roll` int(3) DEFAULT NULL,
  `type` varchar(20) DEFAULT NULL,
  `totalDmg` int(5) DEFAULT NULL,
  `shieldDmg` int(5) DEFAULT NULL,
  `structDmg` int(5) DEFAULT NULL,
  `armourDmg` int(3) DEFAULT NULL,
  `emDmg` int(3) DEFAULT '0',
  `overkill` int(3) DEFAULT NULL,
  `negation` int(4) DEFAULT NULL,
  `destroyed` tinyint(1) DEFAULT NULL,
  `notes` varchar(255) DEFAULT NULL,
  `new` tinyint(1) DEFAULT NULL
) ENGINE=InnoDB DEFAULT CHARSET=latin1;

--
-- Daten für Tabelle `damages`
--

INSERT INTO `damages` (`id`, `fireid`, `gameid`, `shipid`, `structureid`, `systemid`, `turn`, `roll`, `type`, `totalDmg`, `shieldDmg`, `structDmg`, `armourDmg`, `emDmg`, `overkill`, `negation`, `destroyed`, `notes`, `new`) VALUES
(1, 3, 0, 1, 9, 1, 2, 0, 'Area', 60, 0, 0, 14, 0, 46, 14, 0, 'p;', 0),
(2, 3, 0, 1, 9, 10, 2, 0, 'Area', 18, 0, 11, 7, 0, 0, 7, 0, 'p;', 0),
(3, 3, 0, 1, 9, 11, 2, 0, 'Area', 18, 0, 11, 7, 0, 0, 7, 0, 'p;', 0),
(4, 3, 0, 1, 9, 12, 2, 0, 'Area', 18, 0, 10, 8, 0, 0, 8, 0, 'p;', 0),
(5, 3, 0, 1, 9, 13, 2, 0, 'Area', 18, 0, 11, 7, 0, 0, 7, 0, 'p;', 0),
(6, 3, 0, 1, 9, 14, 2, 0, 'Area', 18, 0, 12, 6, 0, 0, 6, 0, 'p;', 0),
(7, 3, 0, 5, 0, 1, 2, 0, 'Area', 20, 0, 0, 4, 0, 16, 4, 0, 'p;', 0),
(8, 3, 0, 5, 0, 3, 2, 0, 'Area', 20, 0, 0, 4, 0, 16, 4, 0, 'p;', 0),
(9, 3, 0, 5, 0, 5, 2, 0, 'Area', 20, 0, 0, 4, 0, 16, 4, 0, 'p;', 0),
(10, 3, 0, 5, 0, 7, 2, 0, 'Area', 20, 0, 0, 4, 0, 16, 4, 0, 'p;', 0),
(11, 3, 0, 5, 0, 9, 2, 0, 'Area', 20, 0, 0, 4, 0, 16, 4, 0, 'p;', 0),
(12, 3, 0, 5, 0, 11, 2, 0, 'Area', 20, 0, 0, 4, 0, 16, 4, 0, 'p;', 0),
(13, 3, 0, 5, 0, 13, 2, 0, 'Area', 20, 0, 0, 4, 0, 16, 4, 0, 'p;', 0),
(14, 3, 0, 5, 0, 15, 2, 0, 'Area', 20, 0, 0, 4, 0, 16, 4, 0, 'p;', 0),
(15, 3, 0, 5, 0, 17, 2, 0, 'Area', 20, 0, 0, 4, 0, 16, 4, 0, 'p;', 0),
(16, 3, 0, 5, 0, 19, 2, 0, 'Area', 20, 0, 0, 4, 0, 16, 4, 0, 'p;', 0),
(17, 3, 0, 5, 0, 21, 2, 0, 'Area', 20, 0, 0, 4, 0, 16, 4, 0, 'p;', 0),
(18, 3, 0, 5, 0, 23, 2, 0, 'Area', 20, 0, 0, 4, 0, 16, 4, 0, 'p;', 0),
(19, 4, 1, 1, 6, 1, 2, 0, 'Laser', 249, 0, 0, 16, 0, 67, 16, 0, 'p;', 0),
(20, 5, 1, 1, 6, 1, 2, 0, 'Laser', 258, 0, 0, 15, 0, 71, 15, 0, 'p;', 0),
(21, 5, 1, 1, 6, 1, 2, 0, 'Laser', 258, 0, 0, 15, 0, 71, 15, 0, 'p;', 0),
(22, 5, 1, 1, 6, 1, 2, 0, 'Laser', 258, 0, 0, 15, 0, 71, 15, 0, 'p;', 0),
(23, 6, 1, 1, 6, 1, 2, 0, 'Laser', 75, 0, 0, 14, 0, 11, 14, 0, 'p;', 0),
(24, 6, 1, 1, 6, 1, 2, 0, 'Laser', 75, 0, 0, 14, 0, 11, 14, 0, 'p;', 0),
(25, 4, 1, 1, 6, 2, 2, 0, 'Laser', 249, 0, 20, 16, 0, 47, 16, 0, 'p;c;', 0),
(26, 6, 1, 1, 6, 4, 2, 0, 'Laser', 75, 0, 11, 14, 0, 0, 14, 0, 'p;', 0),
(27, 4, 1, 1, 6, 7, 2, 0, 'Laser', 249, 0, 28, 7, 0, 48, 7, 1, 'p;o2;', 0),
(28, 17, 1, 8, 0, 5, 6, 0, 'Particle', 14, 0, 0, 6, 0, 22, 3, 1, 'p;', 0),
(29, 12, 1, 8, 0, 7, 6, 0, 'Particle', 12, 0, 0, 6, 0, 18, 3, 0, 'p;', 0),
(30, 28, 2, 12, 16, 1, 3, 0, 'Laser', 26, 0, 0, 16, 0, 10, 16, 0, 'p;', 0),
(51, 58, 1, 6, 0, 5, 7, 0, 'Pulse', 51, 0, 0, 36, 0, 39, 4, 1, 'p;v3;', 0),
(52, 60, 1, 6, 0, 13, 7, 0, 'Particle', 11, 0, 0, 8, 0, 14, 4, 0, 'p;', 0),
(53, 57, 1, 6, 0, 23, 7, 0, 'Pulse', 15, 0, 0, 11, 0, 11, 4, 0, 'p;v1;', 0),
(54, 55, 1, 5, 0, 11, 7, 0, 'Particle', 10, 0, 0, 8, 0, 10, 4, 1, 'p;', 0),
(55, 54, 1, 5, 0, 17, 7, 0, 'Pulse', 34, 0, 0, 24, 0, 26, 4, 1, 'p;v2;', 0),
(56, 56, 1, 5, 0, 21, 7, 0, 'Particle', 13, 0, 0, 8, 0, 10, 4, 1, 'p;', 0),
(57, 45, 1, 4, 6, 1, 7, 0, 'Particle', 14, 0, 0, 14, 0, 0, 16, 0, 'b;', 0),
(58, 50, 1, 4, 10, 1, 7, 0, 'Particle', 12, 0, 0, 12, 0, 0, 15, 0, 'b;', 0),
(59, 43, 1, 4, 6, 7, 7, 0, 'Particle', 14, 0, 12, 16, 0, 0, 8, 0, 'p;', 0),
(60, 52, 1, 4, 6, 7, 7, 0, 'Particle', 14, 0, 12, 14, 0, 2, 7, 1, 'p;o2;', 0),
(61, 44, 1, 4, 6, 9, 7, 0, 'Particle', 16, 0, 18, 14, 0, 0, 7, 0, 'p;', 0),
(62, 48, 1, 4, 16, 17, 7, 0, 'Particle', 12, 0, 6, 18, 0, 0, 9, 0, 'p;', 0),
(63, 30, 1, 3, 6, 1, 7, 0, 'Particle', 16, 0, 0, 16, 0, 0, 17, 0, 'b;', 0),
(64, 32, 1, 3, 16, 1, 7, 0, 'Particle', 16, 0, 0, 30, 0, 2, 15, 0, 'p;', 0),
(65, 35, 1, 3, 14, 4, 7, 0, 'Particle', 15, 0, 0, 16, 0, 0, 15, 0, 'b;', 0),
(66, 39, 1, 3, 14, 5, 7, 0, 'Particle', 16, 0, 4, 28, 0, 0, 14, 0, 'p;', 0),
(67, 33, 1, 3, 10, 12, 7, 0, 'Particle', 13, 0, 0, 14, 0, 0, 15, 0, 'b;', 0),
(68, 36, 1, 3, 10, 12, 7, 0, 'Particle', 14, 0, 0, 14, 0, 0, 15, 0, 'b;', 0),
(69, 61, 0, 6, 0, 1, 8, 0, 'Area', 20, 0, 0, 4, 0, 16, 4, 0, 'p;', 0),
(70, 61, 0, 6, 0, 3, 8, 0, 'Area', 20, 0, 0, 4, 0, 16, 4, 0, 'p;', 0),
(71, 61, 0, 6, 0, 7, 8, 0, 'Area', 20, 0, 0, 4, 0, 16, 4, 0, 'p;', 0),
(72, 61, 0, 6, 0, 9, 8, 0, 'Area', 20, 0, 0, 4, 0, 16, 4, 0, 'p;', 0),
(73, 61, 0, 6, 0, 11, 8, 0, 'Area', 20, 0, 0, 4, 0, 16, 4, 0, 'p;', 0),
(74, 61, 0, 6, 0, 13, 8, 0, 'Area', 20, 0, 0, 4, 0, 12, 4, 1, 'p;', 0),
(75, 61, 0, 6, 0, 15, 8, 0, 'Area', 20, 0, 0, 4, 0, 16, 4, 0, 'p;', 0),
(76, 61, 0, 6, 0, 17, 8, 0, 'Area', 20, 0, 0, 4, 0, 16, 4, 0, 'p;', 0),
(77, 61, 0, 6, 0, 19, 8, 0, 'Area', 20, 0, 0, 4, 0, 16, 4, 0, 'p;', 0),
(78, 61, 0, 6, 0, 21, 8, 0, 'Area', 20, 0, 0, 4, 0, 16, 4, 0, 'p;', 0),
(79, 61, 0, 6, 0, 23, 8, 0, 'Area', 20, 0, 0, 4, 0, 15, 4, 1, 'p;', 0),
(80, 61, 0, 3, 16, 1, 8, 0, 'Area', 40, 0, 0, 13, 0, 27, 13, 0, 'p;', 0),
(81, 61, 0, 3, 16, 17, 8, 0, 'Area', 20, 0, 12, 8, 0, 0, 8, 0, 'p;', 0),
(82, 61, 0, 3, 16, 18, 8, 0, 'Area', 20, 0, 6, 14, 0, 0, 14, 0, 'p;', 0),
(83, 61, 0, 3, 16, 19, 8, 0, 'Area', 20, 0, 14, 6, 0, 0, 6, 0, 'p;', 0),
(84, 102, 1, 5, 0, 1, 10, 0, 'Particle', 13, 0, 0, 8, 0, 10, 4, 1, 'p;', 0),
(85, 100, 1, 5, 0, 7, 10, 0, 'Particle', 13, 0, 0, 8, 0, 10, 4, 1, 'p;', 0),
(86, 103, 1, 5, 0, 9, 10, 0, 'Particle', 15, 0, 0, 8, 0, 10, 4, 1, 'p;', 0),
(87, 99, 1, 5, 0, 15, 10, 0, 'Particle', 11, 0, 0, 8, 0, 10, 4, 1, 'p;', 0),
(88, 98, 1, 10, 0, 1, 10, 0, 'Particle', 15, 0, 0, 8, 0, 22, 4, 0, 'p;', 0),
(89, 96, 1, 10, 0, 7, 10, 0, 'Particle', 15, 0, 0, 8, 0, 22, 4, 0, 'p;', 0),
(90, 92, 1, 10, 0, 21, 10, 0, 'Particle', 11, 0, 0, 8, 0, 14, 4, 0, 'p;', 0),
(91, 62, 1, 3, 6, 1, 10, 0, 'Particle', 14, 0, 0, 14, 0, 0, 16, 0, 'b;', 0),
(92, 64, 1, 3, 10, 1, 10, 0, 'Particle', 13, 0, 0, 14, 0, 0, 14, 0, 'b;', 0),
(93, 65, 1, 3, 14, 1, 10, 0, 'Particle', 13, 0, 0, 14, 0, 0, 14, 0, 'b;', 0),
(94, 66, 1, 3, 14, 1, 10, 0, 'Particle', 16, 0, 0, 26, 0, 6, 13, 0, 'p;', 0),
(95, 70, 1, 3, 10, 1, 10, 0, 'Particle', 13, 0, 0, 14, 0, 0, 13, 0, 'b;', 0),
(96, 69, 1, 3, 10, 11, 10, 0, 'Particle', 14, 0, 12, 16, 0, 0, 8, 0, 'p;', 0),
(97, 68, 1, 3, 14, 15, 10, 0, 'Particle', 13, 0, 14, 12, 0, 0, 6, 0, 'p;', 0),
(98, 84, 1, 7, 0, 3, 10, 0, 'Particle', 13, 0, 0, 6, 0, 20, 3, 0, 'p;', 0),
(99, 88, 1, 7, 0, 3, 10, 0, 'Particle', 15, 0, 0, 6, 0, 2, 3, 1, 'p;', 0),
(100, 83, 1, 7, 0, 7, 10, 0, 'Particle', 12, 0, 0, 6, 0, 18, 3, 0, 'p;', 0),
(101, 86, 1, 7, 0, 9, 10, 0, 'Particle', 16, 0, 0, 6, 0, 22, 3, 1, 'p;', 0),
(102, 81, 1, 7, 0, 11, 10, 0, 'Particle', 13, 0, 0, 6, 0, 20, 3, 0, 'p;', 0),
(103, 79, 1, 8, 0, 1, 10, 0, 'Particle', 12, 0, 0, 6, 0, 18, 3, 0, 'p;', 0),
(104, 104, 0, 1, 9, 3, 11, 0, 'Area', 30, 0, 16, 14, 0, 0, 14, 0, 'p;', 0),
(105, 104, 0, 9, 0, 19, 11, 0, 'Area', 30, 0, 0, 4, 0, 26, 4, 1, 'p;', 0),
(106, 110, 4, 16, 14, 1, 1, 0, 'Laser', 165, 0, 0, 18, 0, 37, 18, 0, 'p;', 0),
(107, 110, 4, 16, 14, 1, 1, 0, 'Laser', 165, 0, 0, 17, 0, 38, 17, 0, 'p;', 0),
(108, 110, 4, 16, 14, 18, 1, 0, 'Laser', 165, 0, 44, 11, 0, 0, 11, 0, 'p;', 0),
(109, 105, 4, 19, 6, 1, 1, 0, 'Laser', 89, 9, 0, 19, 0, 16, 28, 0, 'p;', 0),
(110, 105, 4, 19, 6, 9, 1, 0, 'Laser', 89, 9, 25, 10, 0, 0, 19, 0, 'p;', 0),
(111, 124, 4, 16, 6, 1, 2, 0, 'Laser', 89, 0, 0, 17, 0, 12, 17, 0, 'p;', 0),
(112, 124, 4, 16, 6, 2, 2, 0, 'Laser', 89, 0, 12, 17, 0, 0, 17, 0, 'p;', 0),
(113, 124, 4, 16, 6, 3, 2, 0, 'Laser', 89, 0, 11, 18, 0, 0, 18, 0, 'p;', 0),
(114, 121, 4, 17, 14, 15, 2, 0, 'Particle', 36, 0, 30, 6, 0, 0, 11, 0, 'p;', 0),
(115, 123, 4, 17, 14, 15, 2, 0, 'Particle', 36, 0, 4, 6, 0, 26, 11, 1, 'p;o2;', 0),
(116, 122, 4, 17, 14, 18, 2, 0, 'Particle', 64, 0, 52, 6, 0, 6, 11, 1, 'p;o4;', 0),
(117, 116, 4, 19, 19, 2, 2, 0, 'Particle', 39, 0, 20, 18, 0, 1, 18, 0, 'p;c;', 0),
(118, 126, 4, 16, 6, 1, 3, 0, 'Pulse', 32, 0, 0, 16, 0, 0, 17, 0, 'b;v2;', 0),
(119, 128, 4, 16, 6, 8, 3, 0, 'Pulse', 28, 0, 8, 20, 0, 0, 10, 0, 'p;v2;', 0),
(120, 129, 4, 17, 6, 1, 3, 0, 'Pulse', 56, 0, 0, 28, 0, 0, 18, 0, 'b;v4;', 0),
(121, 130, 4, 17, 6, 7, 3, 0, 'Pulse', 45, 0, 15, 30, 0, 0, 10, 0, 'p;v3;', 0),
(122, 133, 4, 19, 6, 1, 3, 0, 'Particle', 11, 0, 0, 0, 0, 0, 18, 0, '', 0),
(123, 131, 4, 19, 6, 1, 3, 0, 'Particle', 38, 0, 0, 18, 0, 20, 18, 0, 'p;', 0),
(124, 132, 4, 19, 6, 4, 3, 0, 'Particle', 34, 0, 16, 18, 0, 0, 18, 0, 'p;', 0),
(125, 136, 4, 21, 6, 1, 3, 0, 'Particle', 11, 3, 0, 0, 0, 0, 18, 0, '', 0),
(126, 135, 4, 21, 6, 4, 3, 0, 'Particle', 34, 3, 16, 15, 0, 0, 18, 0, 'p;', 0),
(127, 134, 4, 21, 6, 9, 3, 0, 'Particle', 38, 3, 26, 9, 0, 0, 12, 0, 'p;', 0);

-- --------------------------------------------------------

--
-- Tabellenstruktur für Tabelle `deploys`
--

CREATE TABLE `deploys` (
  `id` int(4) NOT NULL,
  `gameid` int(4) DEFAULT '0',
  `userid` int(4) DEFAULT '0',
  `turn` int(2) DEFAULT '0',
  `phase` int(2) DEFAULT '0',
  `x` int(4) DEFAULT '0',
  `y` int(4) DEFAULT '0',
  `s` int(4) DEFAULT '0'
) ENGINE=InnoDB DEFAULT CHARSET=latin1;

-- --------------------------------------------------------

--
-- Tabellenstruktur für Tabelle `dogfights`
--

CREATE TABLE `dogfights` (
  `id` int(4) NOT NULL,
  `gameid` int(4) DEFAULT NULL,
  `turn` int(3) DEFAULT NULL,
  `a` int(4) DEFAULT NULL,
  `b` int(4) DEFAULT NULL
) ENGINE=InnoDB DEFAULT CHARSET=latin1;

-- --------------------------------------------------------

--
-- Tabellenstruktur für Tabelle `fireorders`
--

CREATE TABLE `fireorders` (
  `id` int(5) NOT NULL,
  `gameid` int(3) DEFAULT '0',
  `turn` int(3) DEFAULT '0',
  `shooterid` int(5) DEFAULT '0',
  `targetid` int(5) DEFAULT '0',
  `x` int(3) DEFAULT '0',
  `y` int(3) DEFAULT '0',
  `weaponid` int(5) DEFAULT '0',
  `shots` int(3) DEFAULT '0',
  `req` int(3) NOT NULL DEFAULT '0',
  `notes` varchar(255) NOT NULL DEFAULT '',
  `hits` int(3) NOT NULL DEFAULT '0',
  `resolved` tinyint(1) DEFAULT '0'
) ENGINE=InnoDB DEFAULT CHARSET=latin1;

--
-- Daten für Tabelle `fireorders`
--

INSERT INTO `fireorders` (`id`, `gameid`, `turn`, `shooterid`, `targetid`, `x`, `y`, `weaponid`, `shots`, `req`, `notes`, `hits`, `resolved`) VALUES
(1, 1, 2, 1, 0, 484, 483, 12, 0, 0, '', 0, 1),
(2, 1, 2, 1, 0, 454, -155, 21, 0, 0, '', 0, 1),
(3, 1, 2, 2, 0, -389, 263, 8, 1, 0, '-389;263;', 2, 1),
(4, 1, 2, 2, 1, -357, 200, 7, 1, 97, '75;', 1, 1),
(5, 1, 2, 2, 1, -357, 200, 9, 1, 97, '12;', 1, 1),
(6, 1, 2, 2, 1, -352, 206, 20, 1, 97, '11;', 1, 1),
(7, 1, 3, 3, 0, -381, 148, 15, 0, 0, '', 0, 1),
(8, 1, 3, 4, 0, -384, 253, 15, 0, 0, '', 0, 1),
(9, 1, 4, 1, 0, -205, 206, 12, 0, 0, '', 0, 1),
(10, 1, 4, 1, 0, 182, 152, 21, 0, 0, '', 0, 1),
(11, 1, 6, 5, 8, 0, 0, 2, 1, 24, '87;', 0, 1),
(12, 1, 6, 5, 8, 0, 0, 4, 1, 24, '14;', 1, 1),
(13, 1, 6, 5, 8, 0, 0, 6, 1, 24, '73;', 0, 1),
(14, 1, 6, 5, 8, 0, 0, 8, 1, 24, '69;', 0, 1),
(15, 1, 6, 5, 8, 0, 0, 10, 1, 24, '59;', 0, 1),
(16, 1, 6, 5, 8, 0, 0, 12, 1, 24, '44;', 0, 1),
(17, 1, 6, 5, 8, 0, 0, 14, 1, 24, '18;', 1, 1),
(18, 1, 6, 5, 8, 0, 0, 16, 1, 24, '100;', 0, 1),
(19, 1, 6, 5, 8, 0, 0, 18, 1, 24, '92;', 0, 1),
(20, 1, 6, 5, 8, 0, 0, 20, 1, 24, '35;', 0, 1),
(21, 1, 6, 5, 8, 0, 0, 22, 1, 24, '53;', 0, 1),
(22, 1, 6, 5, 8, 0, 0, 24, 1, 24, '46;', 0, 1),
(23, 2, 3, 11, 12, 169, -164, 13, 1, 51, '56;', 0, 1),
(24, 2, 3, 11, 12, 169, -164, 14, 1, 26, '62;', 0, 1),
(25, 2, 3, 11, 12, 169, -164, 15, 1, 26, '74;', 0, 1),
(26, 2, 3, 11, 12, 169, -164, 20, 1, 51, '98;', 0, 1),
(27, 2, 3, 11, 12, 169, -164, 21, 1, 26, '83;', 0, 1),
(28, 2, 3, 11, 12, 169, -164, 22, 1, 26, '7;', 1, 1),
(29, 1, 7, 6, 3, 0, 0, 2, 1, 70, '95;', 0, 1),
(30, 1, 7, 6, 3, 0, 0, 4, 1, 73, '7;', 1, 1),
(31, 1, 7, 6, 3, 0, 0, 6, 1, 0, '', 0, 1),
(32, 1, 7, 6, 3, 0, 0, 8, 1, 72, '70;', 1, 1),
(33, 1, 7, 6, 3, 0, 0, 10, 1, 71, '59;', 1, 1),
(34, 1, 7, 6, 3, 0, 0, 12, 1, 68, '97;', 0, 1),
(35, 1, 7, 6, 3, 0, 0, 14, 1, 74, '12;', 1, 1),
(36, 1, 7, 6, 3, 0, 0, 16, 1, 69, '54;', 1, 1),
(37, 1, 7, 6, 3, 0, 0, 18, 1, 72, '76;', 0, 1),
(38, 1, 7, 6, 3, 0, 0, 20, 1, 71, '74;', 0, 1),
(39, 1, 7, 6, 3, 0, 0, 22, 1, 72, '39;', 1, 1),
(40, 1, 7, 6, 3, 0, 0, 24, 1, 70, '86;', 0, 1),
(41, 1, 7, 5, 4, 0, 0, 2, 1, 70, '95;', 0, 1),
(42, 1, 7, 5, 4, 0, 0, 4, 1, 72, '90;', 0, 1),
(43, 1, 7, 5, 4, 0, 0, 6, 1, 69, '24;', 1, 1),
(44, 1, 7, 5, 4, 0, 0, 8, 1, 70, '32;', 1, 1),
(45, 1, 7, 5, 4, 0, 0, 10, 1, 77, '33;', 1, 1),
(46, 1, 7, 5, 4, 0, 0, 12, 1, 0, '', 0, 1),
(47, 1, 7, 5, 4, 0, 0, 14, 1, 71, '87;', 0, 1),
(48, 1, 7, 5, 4, 0, 0, 16, 1, 75, '41;', 1, 1),
(49, 1, 7, 5, 4, 0, 0, 18, 1, 0, '', 0, 1),
(50, 1, 7, 5, 4, 0, 0, 20, 1, 76, '72;', 1, 1),
(51, 1, 7, 5, 4, 0, 0, 22, 1, 0, '', 0, 1),
(52, 1, 7, 5, 4, 0, 0, 24, 1, 73, '27;', 1, 1),
(53, 1, 7, 4, 5, 0, 0, 7, 1, 48, '80;', 0, 1),
(54, 1, 7, 4, 5, 0, 0, 9, 1, 48, '21;', 1, 1),
(55, 1, 7, 4, 5, 0, 0, 13, 2, 48, '98;5;', 1, 1),
(56, 1, 7, 4, 5, 0, 0, 19, 2, 48, '67;45;', 1, 1),
(57, 1, 7, 3, 6, 0, 0, 7, 1, 48, '42;', 1, 1),
(58, 1, 7, 3, 6, 0, 0, 9, 1, 48, '15;', 1, 1),
(59, 1, 7, 3, 6, 0, 0, 13, 2, 48, '56;84;', 0, 1),
(60, 1, 7, 3, 6, 0, 0, 19, 2, 48, '13;78;', 1, 1),
(61, 1, 8, 2, 0, -722, -131, 8, 1, 0, '-722;-131;', 2, 1),
(62, 1, 10, 6, 3, 0, 0, 2, 1, 69, '58;', 1, 1),
(63, 1, 10, 6, 3, 0, 0, 4, 1, 76, '78;', 0, 1),
(64, 1, 10, 6, 3, 0, 0, 8, 1, 69, '58;', 1, 1),
(65, 1, 10, 6, 3, 0, 0, 10, 1, 70, '32;', 1, 1),
(66, 1, 10, 6, 3, 0, 0, 12, 1, 71, '10;', 1, 1),
(67, 1, 10, 6, 3, 0, 0, 16, 1, 69, '85;', 0, 1),
(68, 1, 10, 6, 3, 0, 0, 18, 1, 74, '69;', 1, 1),
(69, 1, 10, 6, 3, 0, 0, 20, 1, 77, '18;', 1, 1),
(70, 1, 10, 6, 3, 0, 0, 22, 1, 69, '23;', 1, 1),
(71, 1, 10, 5, 8, 0, 0, 2, 1, 24, '57;', 0, 1),
(72, 1, 10, 5, 8, 0, 0, 4, 1, 24, '40;', 0, 1),
(73, 1, 10, 5, 8, 0, 0, 6, 1, 24, '62;', 0, 1),
(74, 1, 10, 5, 8, 0, 0, 8, 1, 24, '82;', 0, 1),
(75, 1, 10, 5, 8, 0, 0, 10, 1, 24, '93;', 0, 1),
(76, 1, 10, 5, 8, 0, 0, 14, 1, 24, '65;', 0, 1),
(77, 1, 10, 5, 8, 0, 0, 16, 1, 24, '38;', 0, 1),
(78, 1, 10, 5, 8, 0, 0, 20, 1, 24, '66;', 0, 1),
(79, 1, 10, 5, 8, 0, 0, 24, 1, 24, '3;', 1, 1),
(80, 1, 10, 10, 7, 0, 0, 2, 1, 24, '65;', 0, 1),
(81, 1, 10, 10, 7, 0, 0, 4, 1, 24, '20;', 1, 1),
(82, 1, 10, 10, 7, 0, 0, 6, 1, 24, '62;', 0, 1),
(83, 1, 10, 10, 7, 0, 0, 8, 1, 24, '13;', 1, 1),
(84, 1, 10, 10, 7, 0, 0, 10, 1, 24, '15;', 1, 1),
(85, 1, 10, 10, 7, 0, 0, 12, 1, 24, '99;', 0, 1),
(86, 1, 10, 10, 7, 0, 0, 14, 1, 24, '2;', 1, 1),
(87, 1, 10, 10, 7, 0, 0, 16, 1, 24, '30;', 0, 1),
(88, 1, 10, 10, 7, 0, 0, 18, 1, 24, '3;', 1, 1),
(89, 1, 10, 10, 7, 0, 0, 20, 1, 24, '72;', 0, 1),
(90, 1, 10, 10, 7, 0, 0, 22, 1, 24, '66;', 0, 1),
(91, 1, 10, 10, 7, 0, 0, 24, 1, 24, '70;', 0, 1),
(92, 1, 10, 7, 10, 0, 0, 2, 1, 48, '15;', 1, 1),
(93, 1, 10, 7, 10, 0, 0, 4, 1, 48, '88;', 0, 1),
(94, 1, 10, 7, 10, 0, 0, 6, 1, 48, '52;', 0, 1),
(95, 1, 10, 7, 10, 0, 0, 8, 1, 48, '99;', 0, 1),
(96, 1, 10, 7, 10, 0, 0, 10, 1, 48, '3;', 1, 1),
(97, 1, 10, 7, 10, 0, 0, 12, 1, 48, '58;', 0, 1),
(98, 1, 10, 7, 10, 0, 0, 14, 1, 48, '18;', 1, 1),
(99, 1, 10, 8, 5, 0, 0, 2, 1, 48, '11;', 1, 1),
(100, 1, 10, 8, 5, 0, 0, 4, 1, 48, '32;', 1, 1),
(101, 1, 10, 8, 5, 0, 0, 10, 1, 48, '52;', 0, 1),
(102, 1, 10, 8, 5, 0, 0, 12, 1, 48, '8;', 1, 1),
(103, 1, 10, 8, 5, 0, 0, 14, 1, 48, '46;', 1, 1),
(104, 1, 11, 4, 0, -117, -591, 8, 1, 0, '-117;-591;', 2, 1),
(105, 4, 1, 16, 19, 529, -130, 10, 1, 57, '13;', 1, 1),
(106, 4, 1, 16, 19, 529, -130, 18, 1, 57, '65;', 0, 1),
(107, 4, 1, 17, 21, 441, 691, 10, 1, 42, '97;', 0, 1),
(108, 4, 1, 17, 21, 441, 691, 18, 1, 42, '51;', 0, 1),
(109, 4, 1, 19, 16, -481, -121, 13, 1, 43, '68;', 0, 1),
(110, 4, 1, 19, 16, -481, -121, 20, 1, 43, '11;', 1, 1),
(111, 4, 2, 20, 18, -466, 280, 13, 2, 0, '', 0, 1),
(112, 4, 2, 20, 18, -466, 280, 17, 2, 0, '', 0, 1),
(113, 4, 2, 16, 19, 378, -142, 15, 1, 49, '69;', 0, 1),
(114, 4, 2, 16, 19, 378, -142, 16, 1, 49, '97;', 0, 1),
(115, 4, 2, 18, 19, 376, -143, 4, 1, 39, '82;', 0, 1),
(116, 4, 2, 18, 19, 376, -143, 5, 1, 39, '32;', 1, 1),
(117, 4, 2, 18, 19, 376, -143, 9, 1, 39, '63;', 0, 1),
(118, 4, 2, 18, 19, 376, -143, 10, 1, 39, '79;', 0, 1),
(119, 4, 2, 19, 16, -321, -131, 7, 2, 35, '91;39;', 0, 1),
(120, 4, 2, 19, 16, -321, -131, 11, 2, 35, '64;39;', 0, 1),
(121, 4, 2, 21, 17, -303, 683, 7, 2, 40, '97;20;', 1, 1),
(122, 4, 2, 21, 17, -303, 683, 8, 2, 32, '98;1;', 1, 1),
(123, 4, 2, 21, 17, -303, 683, 9, 2, 40, '79;5;', 1, 1),
(124, 4, 2, 20, 16, -325, -131, 8, 1, 61, '25;', 1, 1),
(125, 4, 3, 19, 16, -176, -209, 14, 1, 41, '60;', 0, 1),
(126, 4, 3, 19, 16, -176, -209, 15, 1, 41, '13;', 1, 1),
(127, 4, 3, 19, 16, -176, -209, 21, 1, 41, '69;', 0, 1),
(128, 4, 3, 19, 16, -176, -209, 22, 1, 41, '19;', 1, 1),
(129, 4, 3, 21, 17, -156, 601, 11, 1, 65, '18;', 1, 1),
(130, 4, 3, 21, 17, -156, 601, 12, 1, 65, '23;', 1, 1),
(131, 4, 3, 16, 19, 220, -160, 7, 1, 78, '11;', 1, 1),
(132, 4, 3, 16, 19, 220, -160, 8, 1, 78, '33;', 1, 1),
(133, 4, 3, 16, 19, 220, -160, 9, 3, 22, '53;60;2;', 1, 1),
(134, 4, 3, 17, 21, 116, 687, 7, 1, 71, '14;', 1, 1),
(135, 4, 3, 17, 21, 116, 687, 8, 1, 71, '6;', 1, 1),
(136, 4, 3, 17, 21, 116, 687, 9, 3, 30, '81;50;5;', 1, 1),
(137, 4, 4, 19, 0, -171, -225, 9, 0, 0, '', 0, 1);

-- --------------------------------------------------------

--
-- Tabellenstruktur für Tabelle `games`
--

CREATE TABLE `games` (
  `id` int(3) NOT NULL,
  `name` varchar(255) DEFAULT NULL,
  `status` varchar(255) DEFAULT NULL,
  `turn` int(3) DEFAULT NULL,
  `phase` int(3) DEFAULT NULL,
  `pv` int(5) DEFAULT NULL,
  `reinforce` int(5) DEFAULT NULL,
  `reinforceTurn` int(2) DEFAULT '11'
) ENGINE=InnoDB DEFAULT CHARSET=latin1;

--
-- Daten für Tabelle `games`
--

INSERT INTO `games` (`id`, `name`, `status`, `turn`, `phase`, `pv`, `reinforce`, `reinforceTurn`) VALUES
(1, 'myGame', 'active', 11, 2, 3000, 1500, 11),
(2, 'myGame', 'active', 5, -1, 3000, 1500, 11),
(3, 'myGame', 'active', 1, -1, 3000, 1500, 11),
(4, 'myGame', 'active', 4, 2, 3000, 1500, 11);

-- --------------------------------------------------------

--
-- Tabellenstruktur für Tabelle `loads`
--

CREATE TABLE `loads` (
  `id` int(4) NOT NULL,
  `shipid` int(5) DEFAULT NULL,
  `systemid` int(3) DEFAULT NULL,
  `name` varchar(20) DEFAULT NULL,
  `amount` int(3) DEFAULT NULL
) ENGINE=InnoDB DEFAULT CHARSET=latin1;

--
-- Daten für Tabelle `loads`
--

INSERT INTO `loads` (`id`, `shipid`, `systemid`, `name`, `amount`) VALUES
(3, 2, 17, 'Frazi', 10),
(4, 15, 9, 'Aurora', 12),
(6, 20, 13, 'Naga', 2),
(7, 20, 17, 'Naga', 2);

-- --------------------------------------------------------

--
-- Tabellenstruktur für Tabelle `missions`
--

CREATE TABLE `missions` (
  `id` int(4) NOT NULL,
  `unitid` int(4) NOT NULL DEFAULT '0',
  `type` varchar(20) NOT NULL DEFAULT '1',
  `turn` int(1) NOT NULL DEFAULT '0',
  `targetid` int(4) NOT NULL DEFAULT '0',
  `x` int(4) NOT NULL DEFAULT '0',
  `y` int(4) NOT NULL DEFAULT '0',
  `arrived` tinyint(1) NOT NULL DEFAULT '0'
) ENGINE=InnoDB DEFAULT CHARSET=latin1;

--
-- Daten für Tabelle `missions`
--

INSERT INTO `missions` (`id`, `unitid`, `type`, `turn`, `targetid`, `x`, `y`, `arrived`) VALUES
(1, 5, '2', 2, 4, -204, -164, 11),
(2, 6, '2', 2, 3, -1118, -410, 11),
(3, 7, '2', 3, 6, -371, -150, 5),
(4, 8, '2', 3, 5, -356, -136, 5),
(5, 9, '2', 4, 1, -148, -522, 1),
(6, 10, '2', 4, 2, -234, 6, 6),
(7, 10, '1', 7, 0, -85, 299, 9),
(8, 7, '2', 7, 10, -85, 299, 9),
(9, 22, '2', 2, 18, 13, 129, 4),
(10, 23, '2', 4, 16, -36, -295, 0);

-- --------------------------------------------------------

--
-- Tabellenstruktur für Tabelle `playerstatus`
--

CREATE TABLE `playerstatus` (
  `id` int(3) NOT NULL,
  `userid` int(3) DEFAULT NULL,
  `gameid` int(3) DEFAULT NULL,
  `turn` int(3) DEFAULT NULL,
  `phase` int(3) DEFAULT NULL,
  `faction` varchar(20) DEFAULT NULL,
  `value` int(5) DEFAULT NULL,
  `status` varchar(255) DEFAULT NULL
) ENGINE=InnoDB DEFAULT CHARSET=latin1;

--
-- Daten für Tabelle `playerstatus`
--

INSERT INTO `playerstatus` (`id`, `userid`, `gameid`, `turn`, `phase`, `faction`, `value`, `status`) VALUES
(1, 1, 1, 11, 2, 'Earth Alliance', 2676, 'waiting'),
(2, 2, 1, 11, 2, 'Narn Regime', 2074, 'waiting'),
(3, 1, 2, 5, -1, 'Earth Alliance', 3725, 'waiting'),
(4, 2, 2, 5, -1, 'Centauri Republic', 3335, 'waiting'),
(5, 1, 3, 1, -1, 'Earth Alliance', 4010, 'waiting'),
(6, 2, 3, 1, -1, 'Earth Alliance', 3064, 'waiting'),
(7, 1, 4, 4, 2, 'Minbari Federation', 2660, 'waiting'),
(8, 2, 4, 4, 2, 'Earth Alliance', 2485, 'waiting');

-- --------------------------------------------------------

--
-- Tabellenstruktur für Tabelle `powers`
--

CREATE TABLE `powers` (
  `id` int(5) NOT NULL,
  `unitid` int(5) DEFAULT NULL,
  `systemid` int(5) DEFAULT NULL,
  `turn` int(2) DEFAULT NULL,
  `type` varchar(10) DEFAULT NULL,
  `cost` int(3) DEFAULT NULL
) ENGINE=InnoDB DEFAULT CHARSET=latin1;

--
-- Daten für Tabelle `powers`
--

INSERT INTO `powers` (`id`, `unitid`, `systemid`, `turn`, `type`, `cost`) VALUES
(1, 2, 16, 1, '0', 0),
(2, 2, 18, 1, '0', 0),
(3, 1, 6, 1, '1', 4),
(4, 1, 7, 1, '-1', 0),
(5, 1, 8, 1, '-1', 0),
(6, 1, 10, 1, '-1', 0),
(7, 1, 11, 1, '-1', 0),
(8, 1, 13, 1, '-1', 0),
(9, 1, 14, 1, '-1', 0),
(10, 1, 16, 1, '-1', 0),
(11, 1, 17, 1, '-1', 0),
(12, 1, 19, 1, '-1', 0),
(13, 1, 20, 1, '-1', 0),
(14, 1, 22, 1, '-1', 0),
(15, 1, 23, 1, '-1', 0),
(16, 1, 7, 2, '-1', 0),
(17, 1, 8, 2, '-1', 0),
(18, 1, 10, 2, '-1', 0),
(19, 1, 11, 2, '-1', 0),
(20, 1, 13, 2, '-1', 0),
(21, 1, 14, 2, '-1', 0),
(22, 1, 16, 2, '-1', 0),
(23, 1, 17, 2, '-1', 0),
(24, 1, 19, 2, '-1', 0),
(25, 1, 20, 2, '-1', 0),
(26, 1, 22, 2, '-1', 0),
(27, 1, 23, 2, '-1', 0),
(28, 2, 7, 2, '1', 5),
(29, 2, 9, 2, '1', 5),
(30, 2, 13, 2, '0', 0),
(31, 2, 14, 2, '0', 0),
(32, 2, 16, 2, '0', 0),
(33, 2, 18, 2, '0', 0),
(34, 2, 22, 2, '0', 0),
(35, 2, 23, 2, '0', 0),
(36, 2, 13, 3, '0', 0),
(37, 2, 14, 3, '0', 0),
(38, 2, 16, 3, '0', 0),
(39, 2, 18, 3, '0', 0),
(40, 2, 22, 3, '0', 0),
(41, 2, 23, 3, '0', 0),
(42, 1, 8, 3, '-1', 0),
(43, 1, 10, 3, '-1', 0),
(44, 1, 11, 3, '-1', 0),
(45, 1, 13, 3, '-1', 0),
(46, 1, 14, 3, '-1', 0),
(47, 1, 16, 3, '-1', 0),
(48, 1, 17, 3, '-1', 0),
(49, 1, 19, 3, '-1', 0),
(50, 1, 20, 3, '-1', 0),
(51, 1, 22, 3, '-1', 0),
(52, 1, 23, 3, '-1', 0),
(53, 1, 7, 4, '-1', 0),
(54, 1, 8, 4, '-1', 0),
(55, 1, 10, 4, '-1', 0),
(56, 1, 11, 4, '-1', 0),
(57, 1, 13, 4, '-1', 0),
(58, 1, 14, 4, '-1', 0),
(59, 1, 16, 4, '-1', 0),
(60, 1, 17, 4, '-1', 0),
(61, 1, 19, 4, '-1', 0),
(62, 1, 20, 4, '-1', 0),
(63, 1, 22, 4, '-1', 0),
(64, 1, 23, 4, '-1', 0),
(65, 2, 13, 4, '0', 0),
(66, 2, 14, 4, '0', 0),
(67, 2, 16, 4, '0', 0),
(68, 2, 18, 4, '0', 0),
(69, 2, 22, 4, '0', 0),
(70, 2, 23, 4, '0', 0),
(71, 2, 13, 5, '0', 0),
(72, 2, 14, 5, '0', 0),
(73, 2, 16, 5, '0', 0),
(74, 2, 18, 5, '0', 0),
(75, 2, 22, 5, '0', 0),
(76, 2, 23, 5, '0', 0),
(77, 1, 8, 5, '-1', 0),
(78, 1, 10, 5, '-1', 0),
(79, 1, 11, 5, '-1', 0),
(80, 1, 13, 5, '-1', 0),
(81, 1, 14, 5, '-1', 0),
(82, 1, 16, 5, '-1', 0),
(83, 1, 17, 5, '-1', 0),
(84, 1, 19, 5, '-1', 0),
(85, 1, 20, 5, '-1', 0),
(86, 1, 22, 5, '-1', 0),
(87, 1, 23, 5, '-1', 0),
(88, 1, 7, 6, '-1', 0),
(89, 1, 8, 6, '-1', 0),
(90, 1, 10, 6, '-1', 0),
(91, 1, 11, 6, '-1', 0),
(92, 1, 13, 6, '-1', 0),
(93, 1, 14, 6, '-1', 0),
(94, 1, 16, 6, '-1', 0),
(95, 1, 17, 6, '-1', 0),
(96, 1, 19, 6, '-1', 0),
(97, 1, 20, 6, '-1', 0),
(98, 1, 22, 6, '-1', 0),
(99, 1, 23, 6, '-1', 0),
(100, 2, 13, 6, '0', 0),
(101, 2, 14, 6, '0', 0),
(102, 2, 16, 6, '0', 0),
(103, 2, 18, 6, '0', 0),
(104, 2, 22, 6, '0', 0),
(105, 2, 23, 6, '0', 0),
(106, 1, 8, 7, '-1', 0),
(107, 1, 10, 7, '-1', 0),
(108, 1, 11, 7, '-1', 0),
(109, 1, 13, 7, '-1', 0),
(110, 1, 14, 7, '-1', 0),
(111, 1, 16, 7, '-1', 0),
(112, 1, 17, 7, '-1', 0),
(113, 1, 19, 7, '-1', 0),
(114, 1, 20, 7, '-1', 0),
(115, 1, 22, 7, '-1', 0),
(116, 1, 23, 7, '-1', 0),
(117, 2, 13, 7, '0', 0),
(118, 2, 14, 7, '0', 0),
(119, 2, 16, 7, '0', 0),
(120, 2, 18, 7, '0', 0),
(121, 2, 22, 7, '0', 0),
(122, 2, 23, 7, '0', 0),
(123, 13, 4, 1, '0', 0),
(124, 13, 8, 1, '0', 0),
(125, 11, 14, 1, '-1', 0),
(126, 11, 15, 1, '-1', 0),
(127, 11, 21, 1, '-1', 0),
(128, 11, 22, 1, '-1', 0),
(129, 11, 14, 2, '-2', 0),
(130, 11, 15, 2, '-2', 0),
(131, 11, 21, 2, '-2', 0),
(132, 11, 22, 2, '-2', 0),
(133, 13, 4, 2, '0', 0),
(134, 13, 5, 2, '1', 2),
(135, 13, 6, 2, '1', 2),
(136, 13, 8, 2, '0', 0),
(137, 13, 9, 2, '1', 2),
(138, 13, 10, 2, '1', 2),
(139, 11, 14, 3, '-2', 0),
(140, 11, 15, 3, '-2', 0),
(141, 11, 21, 3, '-2', 0),
(142, 11, 22, 3, '-2', 0),
(143, 13, 4, 3, '0', 0),
(144, 13, 8, 3, '0', 0),
(145, 1, 7, 8, '-1', 0),
(146, 1, 8, 8, '-1', 0),
(147, 1, 10, 8, '-1', 0),
(148, 1, 11, 8, '-1', 0),
(149, 1, 13, 8, '-1', 0),
(150, 1, 14, 8, '-1', 0),
(151, 1, 16, 8, '-1', 0),
(152, 1, 17, 8, '-1', 0),
(153, 1, 19, 8, '-1', 0),
(154, 1, 20, 8, '-1', 0),
(155, 1, 22, 8, '-1', 0),
(156, 1, 23, 8, '-1', 0),
(157, 1, 3, 8, '1', 5),
(158, 2, 13, 8, '0', 0),
(159, 2, 14, 8, '0', 0),
(160, 2, 16, 8, '0', 0),
(161, 2, 18, 8, '0', 0),
(162, 2, 22, 8, '0', 0),
(163, 2, 23, 8, '0', 0),
(164, 1, 8, 9, '-2', 0),
(165, 1, 10, 9, '-2', 0),
(166, 1, 11, 9, '-2', 0),
(167, 1, 13, 9, '-2', 0),
(168, 1, 14, 9, '-2', 0),
(169, 1, 16, 9, '-2', 0),
(170, 1, 17, 9, '-2', 0),
(171, 1, 19, 9, '-2', 0),
(172, 1, 20, 9, '-2', 0),
(173, 1, 22, 9, '-2', 0),
(174, 1, 23, 9, '-2', 0),
(175, 2, 13, 9, '0', 0),
(176, 2, 14, 9, '0', 0),
(177, 2, 16, 9, '0', 0),
(178, 2, 18, 9, '0', 0),
(179, 2, 22, 9, '0', 0),
(180, 2, 23, 9, '0', 0),
(181, 1, 7, 10, '-1', 0),
(182, 1, 8, 10, '-2', 0),
(183, 1, 10, 10, '-2', 0),
(184, 1, 11, 10, '-2', 0),
(185, 1, 13, 10, '-2', 0),
(186, 1, 14, 10, '-2', 0),
(187, 1, 16, 10, '-2', 0),
(188, 1, 17, 10, '-2', 0),
(189, 1, 19, 10, '-2', 0),
(190, 1, 20, 10, '-2', 0),
(191, 1, 22, 10, '-2', 0),
(192, 1, 23, 10, '-2', 0),
(193, 2, 13, 10, '0', 0),
(194, 2, 14, 10, '0', 0),
(195, 2, 16, 10, '0', 0),
(196, 2, 18, 10, '0', 0),
(197, 2, 22, 10, '0', 0),
(198, 2, 23, 10, '0', 0),
(199, 2, 13, 11, '0', 0),
(200, 2, 14, 11, '0', 0),
(201, 2, 16, 11, '0', 0),
(202, 2, 18, 11, '0', 0),
(203, 2, 22, 11, '0', 0),
(204, 2, 23, 11, '0', 0),
(205, 1, 8, 11, '-2', 0),
(206, 1, 10, 11, '-2', 0),
(207, 1, 11, 11, '-2', 0),
(208, 1, 13, 11, '-2', 0),
(209, 1, 14, 11, '-2', 0),
(210, 1, 16, 11, '-2', 0),
(211, 1, 17, 11, '-2', 0),
(212, 1, 19, 11, '-2', 0),
(213, 1, 20, 11, '-2', 0),
(214, 1, 22, 11, '-2', 0),
(215, 1, 23, 11, '-2', 0),
(216, 13, 4, 4, '0', 0),
(217, 13, 8, 4, '0', 0),
(218, 11, 14, 4, '-2', 0),
(219, 11, 15, 4, '-2', 0),
(220, 11, 21, 4, '-2', 0),
(221, 11, 22, 4, '-2', 0),
(222, 19, 6, 1, '1', 4),
(223, 19, 6, 1, '1', 6),
(224, 19, 6, 1, '1', 8),
(225, 19, 8, 1, '0', 0),
(226, 19, 10, 1, '0', 0),
(227, 19, 14, 1, '-1', 0),
(228, 19, 14, 1, '0', 0),
(229, 19, 15, 1, '-1', 0),
(230, 19, 15, 1, '0', 0),
(231, 19, 21, 1, '-1', 0),
(232, 19, 21, 1, '0', 0),
(233, 19, 22, 1, '-1', 0),
(234, 19, 22, 1, '0', 0),
(235, 21, 11, 1, '-1', 0),
(236, 21, 12, 1, '-1', 0),
(237, 21, 17, 1, '-1', 0),
(238, 21, 18, 1, '-1', 0),
(239, 20, 7, 1, '-1', 0),
(240, 20, 9, 1, '-1', 0),
(241, 20, 12, 1, '-1', 0),
(242, 20, 16, 1, '-1', 0),
(243, 19, 6, 2, '1', 4),
(244, 19, 8, 2, '0', 0),
(245, 19, 10, 2, '0', 0),
(246, 19, 14, 2, '-1', 0),
(247, 19, 15, 2, '-1', 0),
(248, 19, 21, 2, '-1', 0),
(249, 19, 22, 2, '-1', 0),
(250, 19, 4, 2, '1', 3),
(251, 19, 4, 2, '1', 5),
(252, 21, 11, 2, '-1', 0),
(253, 21, 12, 2, '-1', 0),
(254, 21, 17, 2, '-1', 0),
(255, 21, 18, 2, '-1', 0),
(256, 20, 7, 2, '-1', 0),
(257, 20, 8, 2, '1', 3),
(258, 20, 9, 2, '-1', 0),
(259, 20, 12, 2, '-1', 0),
(260, 20, 13, 2, '1', 0),
(261, 20, 13, 2, '1', 0),
(262, 20, 16, 2, '-1', 0),
(263, 20, 17, 2, '1', 0),
(264, 20, 17, 2, '1', 0),
(265, 19, 11, 3, '0', 0),
(266, 19, 14, 3, '-1', 0),
(267, 19, 15, 3, '-1', 0),
(268, 19, 21, 3, '-1', 0),
(269, 19, 22, 3, '-1', 0),
(270, 21, 6, 3, '1', 3),
(271, 21, 11, 3, '-1', 0),
(272, 21, 12, 3, '-1', 0),
(273, 21, 17, 3, '-1', 0),
(274, 21, 18, 3, '-1', 0),
(275, 20, 6, 3, '1', 3),
(276, 20, 7, 3, '-1', 0),
(277, 20, 9, 3, '-1', 0),
(278, 20, 12, 3, '-1', 0),
(279, 20, 16, 3, '-1', 0),
(280, 17, 10, 4, '1', 3),
(281, 19, 11, 4, '0', 0),
(282, 19, 14, 4, '-1', 0),
(283, 19, 15, 4, '-1', 0),
(284, 19, 21, 4, '-1', 0),
(285, 19, 22, 4, '-1', 0),
(286, 21, 10, 4, '1', 3),
(287, 21, 11, 4, '-1', 0),
(288, 21, 12, 4, '-1', 0),
(289, 21, 17, 4, '-1', 0),
(290, 21, 18, 4, '-1', 0),
(291, 20, 7, 4, '-1', 0),
(292, 20, 9, 4, '-1', 0),
(293, 20, 12, 4, '-1', 0),
(294, 20, 14, 4, '1', 3),
(295, 20, 16, 4, '-1', 0);

-- --------------------------------------------------------

--
-- Tabellenstruktur für Tabelle `reinforcements`
--

CREATE TABLE `reinforcements` (
  `id` int(3) NOT NULL,
  `gameid` int(3) DEFAULT NULL,
  `userid` int(5) DEFAULT NULL,
  `name` varchar(255) DEFAULT NULL,
  `eta` int(3) DEFAULT NULL,
  `cost` int(5) DEFAULT NULL
) ENGINE=InnoDB DEFAULT CHARSET=latin1;

-- --------------------------------------------------------

--
-- Tabellenstruktur für Tabelle `sensors`
--

CREATE TABLE `sensors` (
  `id` int(5) NOT NULL,
  `unitid` int(5) DEFAULT NULL,
  `systemid` int(5) DEFAULT NULL,
  `turn` int(3) DEFAULT NULL,
  `angle` decimal(5,2) DEFAULT NULL,
  `dist` int(4) DEFAULT NULL,
  `type` int(3) DEFAULT '0'
) ENGINE=InnoDB DEFAULT CHARSET=latin1;

--
-- Daten für Tabelle `sensors`
--

INSERT INTO `sensors` (`id`, `unitid`, `systemid`, `turn`, `angle`, `dist`, `type`) VALUES
(1, 2, 4, 1, '-1.00', 113, 0),
(2, 3, 4, 1, '-1.00', 102, 0),
(3, 4, 4, 1, '-1.00', 102, 0),
(4, 1, 4, 1, '-1.00', 88, 0),
(5, 1, 4, 2, '-1.00', 88, 1),
(6, 2, 4, 2, '0.30', 763, 0),
(7, 3, 4, 2, '-1.00', 102, 0),
(8, 4, 4, 2, '-1.00', 102, 0),
(9, 2, 4, 3, '-1.00', 113, 0),
(10, 3, 4, 3, '-1.00', 102, 0),
(11, 4, 4, 3, '-1.00', 102, 0),
(12, 1, 4, 3, '-1.00', 83, 0),
(13, 1, 4, 4, '-1.00', 83, 0),
(14, 2, 4, 4, '-1.00', 113, 0),
(15, 4, 4, 4, '-1.00', 102, 0),
(16, 3, 4, 4, '-1.00', 102, 0),
(17, 2, 4, 5, '-1.00', 113, 0),
(18, 4, 4, 5, '-1.00', 102, 0),
(19, 3, 4, 5, '-1.00', 102, 0),
(20, 1, 4, 5, '-1.00', 83, 0),
(21, 1, 4, 6, '-1.00', 83, 0),
(22, 2, 4, 6, '-1.00', 113, 0),
(23, 4, 4, 6, '-1.00', 102, 0),
(24, 3, 4, 6, '-1.00', 102, 0),
(25, 1, 4, 7, '-1.00', 83, 0),
(26, 2, 4, 7, '-1.00', 113, 0),
(27, 4, 4, 7, '-1.00', 102, 0),
(28, 3, 4, 7, '-1.00', 102, 0),
(29, 12, 4, 1, '-1.00', 110, 0),
(30, 13, 1, 1, '-1.00', 77, 0),
(31, 11, 4, 1, '-1.00', 102, 0),
(32, 11, 4, 2, '359.06', 736, 0),
(33, 12, 4, 2, '345.10', 672, 1),
(34, 13, 1, 2, '15.96', 658, 0),
(35, 11, 4, 3, '-1.00', 102, 0),
(36, 12, 4, 3, '-1.00', 110, 0),
(37, 13, 1, 3, '-1.00', 77, 0),
(38, 1, 4, 8, '-1.00', 83, 0),
(39, 2, 4, 8, '-1.00', 113, 0),
(40, 4, 4, 8, '-1.00', 102, 0),
(41, 3, 4, 8, '315.63', 257, 0),
(42, 1, 4, 9, '301.16', 731, 0),
(43, 2, 4, 9, '-1.00', 113, 0),
(44, 4, 4, 9, '-1.00', 102, 0),
(45, 3, 4, 9, '-1.00', 102, 0),
(46, 1, 4, 10, '-1.00', 83, 0),
(47, 2, 4, 10, '-1.00', 113, 0),
(48, 4, 4, 10, '-1.00', 102, 0),
(49, 3, 4, 10, '-1.00', 102, 0),
(50, 2, 4, 11, '-1.00', 113, 0),
(51, 4, 4, 11, '-1.00', 102, 0),
(52, 3, 4, 11, '-1.00', 102, 0),
(53, 1, 4, 11, '-1.00', 83, 0),
(54, 12, 4, 4, '-1.00', 110, 0),
(55, 13, 1, 4, '-1.00', 77, 0),
(56, 11, 4, 4, '-1.00', 102, 0),
(57, 16, 4, 1, '0.80', 1211, 0),
(58, 17, 4, 1, '0.51', 1236, 0),
(59, 18, 1, 1, '-1.00', 88, 0),
(60, 19, 4, 1, '0.14', 1225, 0),
(61, 21, 4, 1, '-1.00', 95, 0),
(62, 20, 4, 1, '-1.00', 88, 0),
(63, 16, 4, 2, '359.10', 766, 0),
(64, 17, 4, 2, '-1.00', 110, 0),
(65, 18, 1, 2, '348.23', 839, 0),
(66, 19, 4, 2, '0.17', 760, 0),
(67, 21, 4, 2, '359.91', 628, 0),
(68, 20, 4, 2, '12.60', 756, 0),
(69, 19, 4, 3, '0.18', 418, 0),
(70, 21, 4, 3, '0.56', 307, 0),
(71, 20, 4, 3, '9.03', 397, 0),
(72, 16, 4, 3, '36.08', 439, 0),
(73, 17, 4, 3, '73.55', 341, 0),
(74, 18, 1, 3, '-1.00', 88, 0),
(75, 16, 4, 4, '85.01', 256, 1),
(76, 17, 4, 4, '349.43', 580, 0),
(77, 18, 1, 4, '333.18', 133, 0),
(78, 19, 4, 4, '73.73', 159, 1),
(79, 21, 4, 4, '65.76', 249, 1),
(80, 20, 4, 4, '1.47', 336, 0);

-- --------------------------------------------------------

--
-- Tabellenstruktur für Tabelle `subunits`
--

CREATE TABLE `subunits` (
  `id` int(4) NOT NULL,
  `unitid` int(4) DEFAULT NULL,
  `amount` int(2) DEFAULT NULL,
  `name` varchar(20) DEFAULT NULL
) ENGINE=InnoDB DEFAULT CHARSET=latin1;

--
-- Daten für Tabelle `subunits`
--

INSERT INTO `subunits` (`id`, `unitid`, `amount`, `name`) VALUES
(1, 5, 12, 'Aurora'),
(2, 6, 12, 'Aurora'),
(3, 7, 7, 'Gorith'),
(4, 8, 7, 'Gorith'),
(5, 9, 12, 'Aurora'),
(6, 10, 12, 'Aurora'),
(7, 13, 1, 'VorchanA'),
(8, 13, 1, 'VorchanA'),
(9, 18, 1, 'Torotha'),
(10, 18, 1, 'Torotha'),
(11, 22, 4, 'Naga'),
(12, 23, 10, 'Aurora');

-- --------------------------------------------------------

--
-- Tabellenstruktur für Tabelle `systemcrits`
--

CREATE TABLE `systemcrits` (
  `id` int(4) NOT NULL,
  `shipid` int(4) DEFAULT NULL,
  `systemid` int(4) DEFAULT NULL,
  `turn` int(3) DEFAULT NULL,
  `type` varchar(255) DEFAULT NULL,
  `duration` int(3) DEFAULT NULL,
  `value` decimal(5,2) DEFAULT NULL
) ENGINE=InnoDB DEFAULT CHARSET=latin1;

--
-- Daten für Tabelle `systemcrits`
--

INSERT INTO `systemcrits` (`id`, `shipid`, `systemid`, `turn`, `type`, `duration`, `value`) VALUES
(1, 1, 2, 2, 'Engine', 0, '15.00'),
(2, 1, 4, 2, 'Output', 0, '5.00'),
(3, 1, 5, 2, 'Overload', 0, '2.34'),
(4, 1, 10, 2, 'Accuracy', 0, '30.00'),
(5, 1, 11, 2, 'Accuracy', 0, '30.00'),
(6, 1, 13, 2, 'Accuracy', 0, '30.00'),
(7, 8, 7, 6, 'Disabled', 0, '0.00'),
(9, 4, 5, 7, 'Overload', 0, '1.20'),
(10, 4, 9, 7, 'Accuracy', 0, '30.00'),
(11, 3, 17, 8, 'Damage', 0, '10.00'),
(12, 3, 19, 8, 'Damage', 0, '20.00'),
(13, 3, 19, 8, 'Accuracy', 0, '30.00'),
(14, 10, 7, 10, 'Disabled', 0, '0.00'),
(15, 3, 11, 10, 'Damage', 0, '10.00'),
(16, 7, 11, 10, 'Disabled', 0, '0.00'),
(17, 16, 18, 1, 'Disabled', 1, '0.00'),
(18, 16, 18, 1, 'Damage', 0, '20.00'),
(19, 16, 18, 1, 'Accuracy', 0, '30.00'),
(20, 16, 2, 2, 'Engine', 0, '15.00'),
(21, 17, 5, 2, 'Overload', 0, '4.24'),
(22, 19, 2, 2, 'Reactor', 0, '7.50'),
(23, 16, 8, 3, 'Damage', 0, '10.00'),
(24, 16, 8, 3, 'Accuracy', 0, '15.00'),
(25, 21, 4, 3, 'Output', 0, '12.00'),
(26, 21, 9, 3, 'Damage', 0, '20.00');

-- --------------------------------------------------------

--
-- Tabellenstruktur für Tabelle `units`
--

CREATE TABLE `units` (
  `id` int(3) NOT NULL,
  `gameid` int(3) DEFAULT '0',
  `userid` int(3) DEFAULT '0',
  `ship` tinyint(1) DEFAULT '0',
  `ball` tinyint(1) DEFAULT '0',
  `name` varchar(255) DEFAULT '',
  `display` varchar(40) DEFAULT '',
  `status` varchar(255) DEFAULT '',
  `available` int(3) DEFAULT '0',
  `destroyed` tinyint(1) DEFAULT '0',
  `x` int(4) DEFAULT '0',
  `y` int(4) DEFAULT '0',
  `facing` int(3) DEFAULT '0',
  `delay` int(3) DEFAULT '0',
  `thrust` int(3) DEFAULT '0',
  `rolling` int(2) DEFAULT '0',
  `rolled` int(2) DEFAULT '0',
  `flipped` int(2) DEFAULT '0',
  `turn` int(1) DEFAULT '0',
  `phase` int(1) DEFAULT '0',
  `move` int(1) DEFAULT '0',
  `notes` varchar(50) DEFAULT ''
) ENGINE=InnoDB DEFAULT CHARSET=latin1;

--
-- Daten für Tabelle `units`
--

INSERT INTO `units` (`id`, `gameid`, `userid`, `ship`, `ball`, `name`, `display`, `status`, `available`, `destroyed`, `x`, `y`, `facing`, `delay`, `thrust`, `rolling`, `rolled`, `flipped`, `turn`, `phase`, `move`, `notes`) VALUES
(1, 1, 1, 1, 0, 'Avenger', '', 'bought', 1, 0, -3, -466, 201, 0, 155, 0, 0, 0, 10, 3, 1, ''),
(2, 1, 2, 1, 0, 'GQuan', '', 'bought', 1, 0, 491, 43, 0, 0, 0, 0, 0, NULL, 2, -1, 1, ''),
(3, 1, 2, 1, 0, 'KaToc', '', 'bought', 1, 0, -990, -306, 219, 0, 165, 0, 0, 0, 10, 3, 0, ''),
(4, 1, 2, 1, 0, 'KaToc', '', 'bought', 1, 0, -356, -136, 295, 0, 165, 0, 0, 0, 10, 3, 0, ''),
(5, 1, 1, 0, 0, 'Flight', 'Red-Sigma', 'deployed', 2, 0, -356, -136, 295, 0, 180, NULL, NULL, 0, 10, 3, 0, ''),
(6, 1, 1, 0, 0, 'Flight', 'Green-Phi', 'deployed', 2, 0, -990, -306, 219, 0, 180, NULL, NULL, 0, 10, 3, 0, ''),
(7, 1, 2, 0, 0, 'Flight', 'Wyvern-Sigma', 'deployed', 3, 0, -85, 299, 360, 0, 180, NULL, NULL, 0, 10, 3, 0, ''),
(8, 1, 2, 0, 0, 'Flight', 'Tiger-Gamma', 'deployed', 3, 0, -356, -136, 295, 0, 180, NULL, NULL, 0, 10, 3, 0, ''),
(9, 1, 1, 0, 0, 'Flight', 'Eagle-Alpha', 'deployed', 4, 0, -3, -466, 201, 0, 180, NULL, NULL, 0, 10, 3, 0, ''),
(10, 1, 1, 0, 0, 'Flight', 'Blue-Phi', 'deployed', 4, 0, -85, 299, 359, 0, 180, NULL, NULL, 0, 10, 3, 0, ''),
(11, 2, 1, 1, 0, 'Hyperion', '', 'bought', 1, 0, -48, -28, 327, 0, 155, 0, 0, 0, 4, 3, 1, ''),
(12, 2, 2, 1, 0, 'Altarian', '', 'bought', 1, 0, 97, -206, 30, 0, 165, 0, 0, 4, 4, 3, 1, ''),
(13, 2, 2, 1, 0, 'Squadron', '', 'bought', 1, 0, -46, 275, 180, 0, 175, 1, 1, 0, 4, 3, 0, ''),
(14, 3, 1, 1, 0, 'Artemis', 'Bow Before Your God', 'bought', 1, 0, 0, 0, 0, 0, 0, 0, 0, 0, 0, 0, 1, ''),
(15, 3, 2, 1, 0, 'Omega', '', 'bought', 1, 0, 0, 0, 0, 0, 0, 0, 0, 0, 0, 0, 1, ''),
(16, 4, 1, 1, 0, 'Tinashi', 'A', 'bought', 1, 0, -179, -212, 330, 0, 165, 0, 0, NULL, 3, 3, 0, ''),
(17, 4, 1, 1, 0, 'Tinashi', '', 'bought', 1, 0, -164, 600, 300, 11, 165, 0, 0, NULL, 3, 3, 0, ''),
(18, 4, 1, 1, 0, 'Squadron', '', 'bought', 1, 0, -143, 208, 333, 0, 175, 0, 0, NULL, 3, 3, 1, ''),
(19, 4, 2, 1, 0, 'Hyperion', '', 'bought', 1, 0, 221, -161, 188, 0, 155, 0, 0, NULL, 3, 3, 0, ''),
(20, 4, 2, 1, 0, 'Olympus', '', 'bought', 1, 0, 174, 43, 191, 0, 165, 0, 0, NULL, 3, 3, 1, ''),
(21, 4, 2, 1, 0, 'Artemis', '', 'bought', 1, 0, 114, 687, 180, 0, 165, 0, 0, NULL, 3, 3, 0, ''),
(22, 4, 2, 0, 1, 'Salvo', NULL, 'deployed', 2, 0, 79, 153, 166, 0, 426, 0, 0, 0, 3, 3, 0, ''),
(23, 4, 2, 0, 0, 'Flight', 'Onslaught-Alpha', 'deployed', 4, 0, 181, -166, 0, 0, 90, 0, 0, NULL, 4, -1, 0, '');

-- --------------------------------------------------------

--
-- Tabellenstruktur für Tabelle `users`
--

CREATE TABLE `users` (
  `id` int(3) NOT NULL,
  `username` varchar(255) DEFAULT NULL,
  `password` varchar(255) DEFAULT NULL,
  `access` int(3) DEFAULT NULL
) ENGINE=InnoDB DEFAULT CHARSET=latin1;

--
-- Daten für Tabelle `users`
--

INSERT INTO `users` (`id`, `username`, `password`, `access`) VALUES
(1, 'Chris', '1', 0),
(2, '1', '1', 0);

--
-- Indizes der exportierten Tabellen
--

--
-- Indizes für die Tabelle `actions`
--
ALTER TABLE `actions`
  ADD PRIMARY KEY (`id`);

--
-- Indizes für die Tabelle `chat`
--
ALTER TABLE `chat`
  ADD PRIMARY KEY (`id`);

--
-- Indizes für die Tabelle `damages`
--
ALTER TABLE `damages`
  ADD PRIMARY KEY (`id`);

--
-- Indizes für die Tabelle `deploys`
--
ALTER TABLE `deploys`
  ADD PRIMARY KEY (`id`);

--
-- Indizes für die Tabelle `dogfights`
--
ALTER TABLE `dogfights`
  ADD PRIMARY KEY (`id`);

--
-- Indizes für die Tabelle `fireorders`
--
ALTER TABLE `fireorders`
  ADD PRIMARY KEY (`id`);

--
-- Indizes für die Tabelle `games`
--
ALTER TABLE `games`
  ADD PRIMARY KEY (`id`);

--
-- Indizes für die Tabelle `loads`
--
ALTER TABLE `loads`
  ADD PRIMARY KEY (`id`);

--
-- Indizes für die Tabelle `missions`
--
ALTER TABLE `missions`
  ADD PRIMARY KEY (`id`);

--
-- Indizes für die Tabelle `playerstatus`
--
ALTER TABLE `playerstatus`
  ADD PRIMARY KEY (`id`);

--
-- Indizes für die Tabelle `powers`
--
ALTER TABLE `powers`
  ADD PRIMARY KEY (`id`);

--
-- Indizes für die Tabelle `reinforcements`
--
ALTER TABLE `reinforcements`
  ADD PRIMARY KEY (`id`);

--
-- Indizes für die Tabelle `sensors`
--
ALTER TABLE `sensors`
  ADD PRIMARY KEY (`id`);

--
-- Indizes für die Tabelle `subunits`
--
ALTER TABLE `subunits`
  ADD PRIMARY KEY (`id`);

--
-- Indizes für die Tabelle `systemcrits`
--
ALTER TABLE `systemcrits`
  ADD PRIMARY KEY (`id`);

--
-- Indizes für die Tabelle `units`
--
ALTER TABLE `units`
  ADD PRIMARY KEY (`id`);

--
-- Indizes für die Tabelle `users`
--
ALTER TABLE `users`
  ADD PRIMARY KEY (`id`);

--
-- AUTO_INCREMENT für exportierte Tabellen
--

--
-- AUTO_INCREMENT für Tabelle `actions`
--
ALTER TABLE `actions`
  MODIFY `id` int(3) NOT NULL AUTO_INCREMENT, AUTO_INCREMENT=220;
--
-- AUTO_INCREMENT für Tabelle `chat`
--
ALTER TABLE `chat`
  MODIFY `id` int(5) NOT NULL AUTO_INCREMENT;
--
-- AUTO_INCREMENT für Tabelle `damages`
--
ALTER TABLE `damages`
  MODIFY `id` int(5) NOT NULL AUTO_INCREMENT, AUTO_INCREMENT=128;
--
-- AUTO_INCREMENT für Tabelle `deploys`
--
ALTER TABLE `deploys`
  MODIFY `id` int(4) NOT NULL AUTO_INCREMENT;
--
-- AUTO_INCREMENT für Tabelle `dogfights`
--
ALTER TABLE `dogfights`
  MODIFY `id` int(4) NOT NULL AUTO_INCREMENT;
--
-- AUTO_INCREMENT für Tabelle `fireorders`
--
ALTER TABLE `fireorders`
  MODIFY `id` int(5) NOT NULL AUTO_INCREMENT, AUTO_INCREMENT=138;
--
-- AUTO_INCREMENT für Tabelle `games`
--
ALTER TABLE `games`
  MODIFY `id` int(3) NOT NULL AUTO_INCREMENT, AUTO_INCREMENT=5;
--
-- AUTO_INCREMENT für Tabelle `loads`
--
ALTER TABLE `loads`
  MODIFY `id` int(4) NOT NULL AUTO_INCREMENT, AUTO_INCREMENT=8;
--
-- AUTO_INCREMENT für Tabelle `missions`
--
ALTER TABLE `missions`
  MODIFY `id` int(4) NOT NULL AUTO_INCREMENT, AUTO_INCREMENT=11;
--
-- AUTO_INCREMENT für Tabelle `playerstatus`
--
ALTER TABLE `playerstatus`
  MODIFY `id` int(3) NOT NULL AUTO_INCREMENT, AUTO_INCREMENT=9;
--
-- AUTO_INCREMENT für Tabelle `powers`
--
ALTER TABLE `powers`
  MODIFY `id` int(5) NOT NULL AUTO_INCREMENT, AUTO_INCREMENT=296;
--
-- AUTO_INCREMENT für Tabelle `reinforcements`
--
ALTER TABLE `reinforcements`
  MODIFY `id` int(3) NOT NULL AUTO_INCREMENT;
--
-- AUTO_INCREMENT für Tabelle `sensors`
--
ALTER TABLE `sensors`
  MODIFY `id` int(5) NOT NULL AUTO_INCREMENT, AUTO_INCREMENT=81;
--
-- AUTO_INCREMENT für Tabelle `subunits`
--
ALTER TABLE `subunits`
  MODIFY `id` int(4) NOT NULL AUTO_INCREMENT, AUTO_INCREMENT=13;
--
-- AUTO_INCREMENT für Tabelle `systemcrits`
--
ALTER TABLE `systemcrits`
  MODIFY `id` int(4) NOT NULL AUTO_INCREMENT, AUTO_INCREMENT=27;
--
-- AUTO_INCREMENT für Tabelle `units`
--
ALTER TABLE `units`
  MODIFY `id` int(3) NOT NULL AUTO_INCREMENT, AUTO_INCREMENT=24;
--
-- AUTO_INCREMENT für Tabelle `users`
--
ALTER TABLE `users`
  MODIFY `id` int(3) NOT NULL AUTO_INCREMENT, AUTO_INCREMENT=3;
/*!40101 SET CHARACTER_SET_CLIENT=@OLD_CHARACTER_SET_CLIENT */;
/*!40101 SET CHARACTER_SET_RESULTS=@OLD_CHARACTER_SET_RESULTS */;
/*!40101 SET COLLATION_CONNECTION=@OLD_COLLATION_CONNECTION */;
