-- phpMyAdmin SQL Dump
-- version 4.5.1
-- http://www.phpmyadmin.net
--
-- Host: 127.0.0.1
-- Erstellungszeit: 21. Mai 2018 um 22:40
-- Server-Version: 10.1.16-MariaDB
-- PHP-Version: 7.0.9

SET SQL_MODE = "NO_AUTO_VALUE_ON_ZERO";
SET time_zone = "+00:00";


/*!40101 SET @OLD_CHARACTER_SET_CLIENT=@@CHARACTER_SET_CLIENT */;
/*!40101 SET @OLD_CHARACTER_SET_RESULTS=@@CHARACTER_SET_RESULTS */;
/*!40101 SET @OLD_COLLATION_CONNECTION=@@COLLATION_CONNECTION */;
/*!40101 SET NAMES utf8mb4 */;

--
-- Datenbank: `spacecombat`
--

-- --------------------------------------------------------

--
-- Tabellenstruktur für Tabelle `actions`
--

CREATE TABLE `actions` (
  `id` int(3) NOT NULL,
  `shipid` int(3) DEFAULT NULL,
  `turn` int(3) DEFAULT NULL,
  `type` varchar(255) DEFAULT NULL,
  `dist` int(4) DEFAULT NULL,
  `x` int(4) DEFAULT NULL,
  `y` int(4) DEFAULT NULL,
  `a` int(3) DEFAULT NULL,
  `cost` int(4) DEFAULT NULL,
  `delay` int(4) DEFAULT NULL,
  `costmod` float DEFAULT NULL,
  `resolved` tinyint(1) DEFAULT NULL
) ENGINE=InnoDB DEFAULT CHARSET=latin1;

--
-- Daten für Tabelle `actions`
--

INSERT INTO `actions` (`id`, `shipid`, `turn`, `type`, `dist`, `x`, `y`, `a`, `cost`, `delay`, `costmod`, `resolved`) VALUES
(1, 3, 1, 'deploy', 0, 731, 75, 180, 0, 0, 1, 1),
(2, 4, 1, 'deploy', 0, 716, -122, 180, 0, 0, 1, 1),
(3, 1, 1, 'deploy', 0, -627, -148, 0, 0, 0, 1, 1),
(4, 2, 1, 'deploy', 0, -634, 550, 0, 0, 0, 1, 1),
(5, 1, 1, 'jumpIn', 0, -627, -148, 0, 0, 0, 0, 1),
(6, 2, 1, 'jumpIn', 0, -634, 550, 0, 0, 0, 0, 1),
(7, 3, 1, 'jumpIn', 0, 731, 75, 0, 0, 0, 0, 1),
(8, 4, 1, 'jumpIn', 0, 716, -122, 0, 0, 0, 0, 1),
(9, 1, 1, 'move', 140, -487, -148, 0, 0, 0, 1, 1),
(10, 2, 1, 'move', 175, -459, 550, 0, 0, 0, 1, 1),
(11, 3, 1, 'move', 155, 576, 75, 0, 0, 0, 1, 1),
(12, 4, 1, 'move', 165, 551, -122, 0, 0, 0, 1, 1),
(13, 2, 2, 'turn', 0, -459, 550, -30, 30, 39, 1, 1),
(14, 2, 2, 'move', 175, -307, 463, 0, 0, 0, 1, 1),
(15, 1, 2, 'move', 140, -347, -148, 0, 0, 0, 1, 1),
(16, 3, 3, 'turn', 0, 0, 0, 30, 30, 97, 1, 1),
(17, 3, 3, 'move', 155, -134, -78, 0, 0, 0, 1, 1),
(18, 4, 3, 'turn', 0, 0, 0, -30, 30, 65, 1, 1),
(19, 4, 3, 'move', 165, -143, 82, 0, 0, 0, 1, 1),
(20, 1, 3, 'turn', 0, -347, -148, -30, 30, 107, 1, 1),
(21, 1, 3, 'move', 140, -226, -218, 0, 0, 0, 1, 1),
(22, 2, 3, 'move', 175, -155, 375, 0, 0, 0, 1, 1),
(23, 4, 4, 'move', 165, -286, 165, 0, 0, 0, 1, 1),
(24, 1, 4, 'move', 140, -105, -288, 0, 0, 0, 1, 1),
(25, 2, 4, 'move', 175, -3, 287, 0, 0, 0, 1, 1),
(26, 3, 4, 'move', 155, -268, -155, 0, 0, 0, 1, 1),
(27, 5, 5, 'deploy', 0, -140, -260, 141, 1, 0, 1, 1),
(28, 1, 5, 'turn', 0, -105, -288, 30, 30, 107, 1, 1),
(29, 1, 5, 'move', 107, 2, -288, 0, 0, 0, 1, 1),
(30, 1, 5, 'turn', 0, 2, -288, 30, 30, 107, 1, 1),
(31, 1, 5, 'move', 33, 31, -271, 0, 0, 0, 1, 1),
(32, 2, 5, 'turn', 0, -3, 287, -30, 30, 39, 1, 1),
(33, 2, 5, 'move', 39, 17, 253, 0, 0, 0, 1, 1),
(34, 2, 5, 'turn', 0, 17, 253, -30, 30, 39, 1, 1),
(35, 2, 5, 'move', 39, 17, 214, 0, 0, 0, 1, 1),
(36, 2, 5, 'turn', 0, 17, 214, -30, 30, 39, 1, 1),
(37, 2, 5, 'move', 97, -32, 130, 0, 0, 0, 1, 1),
(38, 3, 5, 'turn', 0, -268, -155, 30, 30, 97, 1, 1),
(39, 3, 5, 'move', 97, -317, -239, 0, 0, 0, 1, 1),
(40, 3, 5, 'turn', 0, -317, -239, 30, 43, 58, 1, 1),
(41, 3, 5, 'move', 58, -317, -297, 0, 0, 0, 1, 1),
(42, 4, 5, 'turn', 0, -286, 165, 30, 30, 65, 1, 1),
(43, 4, 5, 'move', 65, -351, 165, 0, 0, 0, 1, 1),
(44, 4, 5, 'turn', 0, -351, 165, 30, 30, 65, 1, 1),
(45, 4, 5, 'move', 65, -407, 133, 0, 0, 0, 1, 1),
(46, 4, 5, 'turn', 0, -407, 133, 25, 25, 54, 1, 1),
(47, 4, 5, 'move', 35, -427, 104, 0, 0, 0, 1, 1),
(48, 5, 5, 'move', 181, -228, -278, 192, 0, 0, 0, 1),
(49, 1, 6, 'move', 74, 95, -234, 0, 0, 0, 1, 1),
(50, 1, 6, 'turn', 0, 95, -234, 30, 42, 66, 1, 1),
(51, 1, 6, 'move', 66, 128, -177, 0, 0, 0, 1, 1),
(52, 1, 6, 'turn', 0, 128, -177, 18, 18, 64, 1, 1),
(53, 2, 6, 'move', 175, -120, -22, 0, 0, 0, 1, 1),
(54, 3, 6, 'turn', 0, -317, -297, 30, 30, 97, 1, 1),
(55, 3, 6, 'move', 97, -268, -381, 0, 0, 0, 1, 1),
(56, 3, 6, 'turn', 0, -268, -381, 30, 43, 58, 1, 1),
(57, 3, 6, 'move', 58, -218, -410, 0, 0, 0, 1, 1),
(58, 4, 6, 'move', 19, -438, 88, 0, 0, 0, 1, 1),
(59, 4, 6, 'turn', 0, -438, 88, 30, 30, 65, 1, 1),
(60, 4, 6, 'move', 65, -444, 23, 0, 0, 0, 1, 1),
(61, 4, 6, 'turn', 0, -444, 23, 30, 30, 65, 1, 1),
(62, 4, 6, 'move', 65, -417, -36, 0, 0, 0, 1, 1),
(63, 4, 6, 'turn', 0, -417, -36, 25, 25, 54, 1, 1),
(64, 4, 6, 'move', 16, -405, -46, 0, 0, 0, 1, 1),
(65, 6, 7, 'deploy', 0, 91, -202, -146, 1, 0, 1, 1),
(66, 1, 7, 'move', 64, 141, -114, 0, 0, 0, 1, 1),
(67, 1, 7, 'turn', 0, 141, -114, 23, 26, 76, 1, 1),
(68, 1, 7, 'move', 76, 126, -39, 0, 0, 0, 1, 1),
(69, 2, 7, 'move', 175, -208, -174, 0, 0, 0, 1, 1),
(70, 3, 7, 'turn', 0, -218, -410, 30, 30, 97, 1, 1),
(71, 3, 7, 'move', 155, -63, -410, 0, 0, 0, 1, 1),
(72, 4, 7, 'move', 165, -279, -152, 0, 0, 0, 1, 1),
(73, 6, 7, 'move', 259, 37, -274, 233, 0, 0, 0, 1),
(74, 1, 8, 'turn', 0, 126, -39, 30, 30, 107, 1, 1),
(75, 1, 8, 'move', 107, 56, 42, 0, 0, 0, 1, 1),
(76, 1, 8, 'turn', 0, 56, 42, 30, 30, 107, 1, 1),
(77, 1, 8, 'move', 33, 25, 53, 0, 0, 0, 1, 1),
(78, 3, 8, 'turn', 0, -63, -410, 30, 30, 97, 1, 1),
(79, 3, 8, 'move', 155, 71, -333, 0, 0, 0, 1, 1),
(80, 4, 8, 'turn', 0, -279, -152, 30, 30, 65, 1, 1),
(81, 4, 8, 'move', 65, -215, -163, 0, 0, 0, 1, 1),
(82, 4, 8, 'turn', 0, -215, -163, 30, 30, 65, 1, 1),
(83, 4, 8, 'move', 100, -121, -129, 0, 0, 0, 1, 1),
(84, 2, 8, 'turn', 0, -208, -174, 30, 30, 39, 1, 1),
(85, 2, 8, 'move', 39, -208, -213, 0, 0, 0, 1, 1),
(86, 2, 8, 'turn', 0, -208, -213, 30, 30, 39, 1, 1),
(87, 2, 8, 'move', 136, -140, -331, 0, 0, 0, 1, 1),
(88, 2, 8, 'turn', 0, -140, -331, -7, 14, 0, 1, 1),
(89, 6, 8, 'move', 69, 71, -333, 300, 0, 0, 0, 1),
(90, 3, 9, 'move', 155, 205, -255, 0, 0, 0, 1, 1),
(91, 4, 9, 'move', 165, 34, -73, 0, 0, 0, 1, 1),
(92, 1, 9, 'move', 140, -107, 99, 0, 0, 0, 1, 1),
(93, 2, 9, 'move', 175, -72, -492, 0, 0, 0, 1, 1),
(94, 6, 9, 'move', 156, 205, -255, 30, 0, 0, 0, 1),
(95, 3, 10, 'turn', 0, 205, -255, 30, 30, 97, 1, 1),
(96, 3, 10, 'move', 155, 283, -121, 0, 0, 0, 1, 1),
(97, 1, 10, 'move', 140, -239, 145, 0, 0, 0, 1, 1),
(98, 2, 10, 'flip', 1, -72, -492, 0, 90, 0, 1, 1),
(99, 2, 10, 'move', 87, -38, -572, 0, 0, 0, 1, 1),
(100, 4, 10, 'move', 165, 189, -17, 0, 0, 0, 1, 1),
(101, 6, 10, 'move', 156, 283, -121, 60, 0, 0, 0, 1),
(102, 10, 1, 'deploy', 0, 633, -165, 180, 0, 0, 1, 1),
(103, 11, 1, 'deploy', 0, 721, -73, 180, 0, 0, 1, 1),
(104, 12, 1, 'deploy', 0, 664, 575, 180, 0, 0, 1, 1),
(105, 8, 1, 'deploy', 0, -671, 235, 0, 0, 0, 1, 1),
(106, 9, 1, 'deploy', 0, -646, 438, 0, 0, 0, 1, 1),
(107, 7, 1, 'deploy', 0, -659, -115, 0, 0, 0, 1, 1),
(108, 7, 1, 'jumpIn', 0, -659, -115, 0, 0, 0, 0, 1),
(109, 8, 1, 'jumpIn', 0, -671, 235, 0, 0, 0, 0, 1),
(110, 9, 1, 'jumpIn', 0, -646, 438, 0, 0, 0, 0, 1),
(111, 10, 1, 'jumpIn', 0, 633, -165, 0, 0, 0, 0, 1),
(112, 11, 1, 'jumpIn', 0, 721, -73, 0, 0, 0, 0, 1),
(113, 12, 1, 'jumpIn', 0, 664, 575, 0, 0, 0, 0, 1),
(114, 14, 1, 'deploy', 0, 614, -92, 180, 0, 0, 1, 1),
(115, 13, 1, 'deploy', 0, -712, -72, 0, 0, 0, 1, 1),
(116, 13, 1, 'jumpIn', 0, -712, -72, 0, 0, 0, 0, 1),
(117, 14, 1, 'jumpIn', 0, 614, -92, 0, 0, 0, 0, 1),
(118, 3, 11, 'turn', 0, 283, -121, 30, 30, 97, 1, 1),
(119, 3, 11, 'move', 97, 283, -24, 0, 0, 0, 1, 1),
(120, 3, 11, 'turn', 0, 283, -24, 30, 43, 58, 1, 1),
(121, 3, 11, 'move', 58, 254, 26, 0, 0, 0, 1, 1),
(122, 4, 11, 'move', 165, 344, 39, 0, 0, 0, 1, 1),
(123, 1, 11, 'speed', -1, -239, 145, 0, 35, 0, 1, 1),
(124, 1, 11, 'move', 123, -355, 185, 0, 0, 0, 1, 1),
(125, 2, 11, 'move', 175, -106, -411, 0, 0, 0, 1, 1),
(126, 6, 11, 'move', 150, 254, 26, 101, 0, 0, 0, 1);

-- --------------------------------------------------------

--
-- Tabellenstruktur für Tabelle `chat`
--

CREATE TABLE `chat` (
  `id` int(5) NOT NULL,
  `username` varchar(30) DEFAULT NULL,
  `userid` int(3) DEFAULT NULL,
  `msg` varchar(255) DEFAULT NULL,
  `time` int(10) DEFAULT NULL
) ENGINE=InnoDB DEFAULT CHARSET=latin1;

-- --------------------------------------------------------

--
-- Tabellenstruktur für Tabelle `damages`
--

CREATE TABLE `damages` (
  `id` int(5) NOT NULL,
  `fireid` int(5) DEFAULT NULL,
  `gameid` int(5) DEFAULT NULL,
  `shipid` int(5) DEFAULT NULL,
  `structureid` int(5) DEFAULT NULL,
  `systemid` int(3) DEFAULT NULL,
  `turn` int(3) DEFAULT NULL,
  `roll` int(3) DEFAULT NULL,
  `type` varchar(20) DEFAULT NULL,
  `totalDmg` int(5) DEFAULT NULL,
  `shieldDmg` int(5) DEFAULT NULL,
  `structDmg` int(5) DEFAULT NULL,
  `armourDmg` int(3) DEFAULT NULL,
  `emDmg` int(3) DEFAULT '0',
  `overkill` int(3) DEFAULT NULL,
  `negation` int(4) DEFAULT NULL,
  `destroyed` tinyint(1) DEFAULT NULL,
  `notes` varchar(255) DEFAULT NULL,
  `new` tinyint(1) DEFAULT NULL
) ENGINE=InnoDB DEFAULT CHARSET=latin1;

--
-- Daten für Tabelle `damages`
--

INSERT INTO `damages` (`id`, `fireid`, `gameid`, `shipid`, `structureid`, `systemid`, `turn`, `roll`, `type`, `totalDmg`, `shieldDmg`, `structDmg`, `armourDmg`, `emDmg`, `overkill`, `negation`, `destroyed`, `notes`, `new`) VALUES
(1, 1, 1, 1, 12, 1, 3, 0, 'Particle', 128, 0, 0, 18, 0, 110, 18, 0, 'p;', 0),
(2, 1, 1, 1, 12, 13, 3, 0, 'Particle', 24, 0, 15, 9, 0, 0, 9, 0, 'p;', 0),
(3, 1, 1, 1, 12, 14, 3, 0, 'Particle', 24, 0, 15, 9, 0, 0, 9, 0, 'p;', 0),
(4, 1, 1, 1, 12, 15, 3, 0, 'Particle', 24, 0, 15, 9, 0, 0, 9, 0, 'p;', 0),
(5, 1, 1, 1, 12, 16, 3, 0, 'Particle', 24, 0, 15, 9, 0, 0, 9, 0, 'p;', 0),
(6, 1, 1, 1, 12, 17, 3, 0, 'Particle', 24, 0, 16, 8, 0, 0, 8, 0, 'p;', 0),
(7, 1, 1, 1, 12, 18, 3, 0, 'Particle', 24, 0, 16, 8, 0, 0, 8, 0, 'p;', 0),
(8, 1, 1, 1, 12, 19, 3, 0, 'Particle', 24, 0, 16, 8, 0, 0, 8, 0, 'p;', 0),
(9, 1, 1, 1, 12, 20, 3, 0, 'Particle', 24, 0, 16, 8, 0, 0, 8, 0, 'p;', 0),
(10, 8, 1, 2, 8, 3, 3, 0, 'Particle', 35, 0, 0, 11, 0, 24, 11, 0, 'p;', 0),
(11, 11, 1, 3, 6, 7, 3, 0, 'Pulse', 14, 0, 1, 13, 0, 0, 13, 0, 'p;v1;', 0),
(12, 15, 1, 3, 6, 7, 3, 0, 'Pulse', 42, 0, 6, 36, 0, 0, 12, 0, 'p;v3;', 0),
(13, 13, 1, 3, 6, 9, 3, 0, 'Pulse', 45, 0, 6, 39, 0, 0, 13, 0, 'p;v3;', 0),
(14, 10, 1, 3, 6, 10, 3, 0, 'Pulse', 64, 0, 12, 52, 0, 0, 13, 0, 'p;v4;', 0),
(15, 14, 1, 3, 6, 12, 3, 0, 'Pulse', 32, 0, 14, 18, 0, 0, 9, 0, 'p;v2;', 0),
(16, 21, 1, 3, 6, 1, 4, 0, 'Pulse', 130, 0, 0, 85, 0, 45, 17, 0, 'p;v5;', 0),
(17, 20, 1, 3, 6, 8, 4, 0, 'Pulse', 100, 0, 44, 44, 0, 12, 11, 1, 'p;v4;o3;', 0),
(18, 18, 1, 3, 6, 13, 4, 0, 'Pulse', 84, 0, 24, 27, 0, 33, 9, 1, 'p;v3;o3;', 0),
(19, 23, 1, 1, 21, 1, 5, 0, 'Particle', 52, 0, 0, 17, 0, 35, 17, 0, 'p;', 0),
(20, 26, 1, 5, 0, 1, 5, 0, 'Particle', 9, 0, 0, 0, 5, 0, 4, 0, '', 0),
(21, 34, 1, 3, 6, 7, 5, 0, 'Pulse', 30, 0, 12, 18, 0, 0, 9, 0, 'p;v2;', 0),
(22, 28, 1, 3, 6, 11, 5, 0, 'Pulse', 48, 0, 18, 30, 0, 0, 10, 0, 'p;v3;', 0),
(23, 38, 1, 2, 3, 3, 7, 0, 'Particle', 19, 0, 0, 0, 8, 0, 11, 0, '', 0),
(24, 38, 1, 2, 3, 3, 7, 0, 'Particle', 19, 0, 0, 0, 8, 0, 11, 0, '', 0),
(25, 38, 1, 2, 3, 8, 7, 0, 'Particle', 17, 0, 0, 0, 6, 0, 11, 0, '', 0),
(26, 40, 1, 2, 3, 8, 7, 0, 'Laser', 122, 0, 0, 22, 0, 100, 11, 0, 'p;', 0),
(27, 37, 1, 2, 3, 8, 7, 0, 'Particle', 35, 0, 0, 10, 0, 25, 10, 0, 'p;', 0),
(28, 44, 1, 3, 6, 1, 7, 0, 'Pulse', 60, 0, 0, 30, 0, 30, 15, 0, 'p;v2;', 0),
(29, 46, 1, 4, 6, 1, 7, 0, 'Pulse', 60, 0, 0, 32, 0, 0, 18, 0, 'b;v4;', 0),
(30, 69, 1, 1, 12, 1, 8, 0, 'Particle', 128, 0, 0, 16, 0, 141, 16, 0, 'p;', 0),
(31, 71, 1, 1, 12, 1, 8, 0, 'Particle', 41, 0, 0, 16, 0, 25, 16, 0, 'p;', 0),
(32, 72, 1, 1, 12, 1, 8, 0, 'Particle', 48, 0, 0, 16, 0, 32, 16, 0, 'p;', 0),
(33, 69, 1, 1, 12, 13, 8, 0, 'Particle', 24, 0, 13, 8, 0, 0, 8, 1, 'p;o2;', 0),
(34, 69, 1, 1, 12, 14, 8, 0, 'Particle', 24, 0, 13, 8, 0, 0, 8, 1, 'p;o2;', 0),
(35, 69, 1, 1, 12, 15, 8, 0, 'Particle', 24, 0, 13, 8, 0, 0, 8, 1, 'p;o2;', 0),
(36, 69, 1, 1, 12, 16, 8, 0, 'Particle', 24, 0, 13, 8, 0, 0, 8, 1, 'p;o2;', 0),
(37, 69, 1, 1, 12, 17, 8, 0, 'Particle', 24, 0, 12, 8, 0, 0, 8, 1, 'p;o2;', 0),
(38, 69, 1, 1, 12, 18, 8, 0, 'Particle', 24, 0, 12, 8, 0, 0, 8, 1, 'p;o2;', 0),
(39, 69, 1, 1, 12, 19, 8, 0, 'Particle', 24, 0, 12, 8, 0, 0, 8, 1, 'p;o2;', 0),
(40, 69, 1, 1, 12, 20, 8, 0, 'Particle', 24, 0, 12, 7, 0, 0, 7, 1, 'p;o2;', 0),
(41, 77, 1, 2, 8, 3, 8, 0, 'Particle', 34, 0, 0, 11, 0, 23, 11, 0, 'p;', 0),
(42, 74, 1, 6, 0, 3, 8, 0, 'Particle', 19, 0, 0, 0, 15, 0, 4, 0, '', 0),
(43, 73, 1, 6, 0, 9, 8, 0, 'Particle', 14, 0, 0, 0, 10, 0, 4, 0, '', 0),
(44, 73, 1, 6, 0, 11, 8, 0, 'Particle', 19, 0, 0, 0, 15, 0, 4, 0, '', 0),
(45, 74, 1, 6, 0, 13, 8, 0, 'Particle', 15, 0, 0, 0, 11, 0, 4, 0, '', 0),
(46, 75, 1, 6, 0, 15, 8, 0, 'Particle', 14, 0, 0, 0, 10, 0, 4, 0, '', 0),
(47, 67, 1, 3, 6, 1, 8, 0, 'Particle', 13, 0, 0, 14, 0, 0, 14, 0, 'b;', 0),
(48, 68, 1, 3, 6, 1, 8, 0, 'Particle', 14, 0, 0, 14, 0, 0, 14, 0, 'b;', 0),
(49, 64, 1, 3, 20, 3, 8, 0, 'Particle', 12, 0, 0, 12, 0, 0, 21, 0, 'b;', 0),
(50, 60, 1, 3, 14, 16, 8, 0, 'Pulse', 39, 0, 9, 30, 0, 0, 10, 0, 'p;v3;', 0),
(51, 63, 1, 3, 14, 17, 8, 0, 'Particle', 15, 0, 10, 20, 0, 0, 10, 0, 'p;', 0),
(52, 57, 1, 3, 14, 19, 8, 0, 'Pulse', 30, 0, 10, 20, 0, 0, 10, 0, 'p;v2;', 0),
(53, 59, 1, 3, 14, 19, 8, 0, 'Pulse', 12, 0, 2, 10, 0, 0, 10, 0, 'p;v1;', 0),
(54, 65, 1, 3, 14, 19, 8, 0, 'Particle', 16, 0, 12, 20, 0, 0, 10, 0, 'p;', 0),
(55, 66, 1, 3, 20, 27, 8, 0, 'Particle', 14, 0, 10, 18, 0, 0, 9, 0, 'p;', 0),
(56, 52, 1, 4, 6, 9, 8, 0, 'Laser', 31, 0, 23, 8, 0, 0, 8, 0, 'p;', 0),
(57, 78, 0, 6, 0, 1, 10, 0, 'Area', 20, 0, 0, 4, 0, 16, 4, 0, 'p;', 0),
(58, 78, 0, 6, 0, 5, 10, 0, 'Area', 20, 0, 0, 4, 0, 16, 4, 0, 'p;', 0),
(59, 78, 0, 6, 0, 7, 10, 0, 'Area', 20, 0, 0, 4, 0, 16, 4, 0, 'p;', 0),
(60, 78, 0, 6, 0, 9, 10, 0, 'Area', 20, 0, 0, 4, 0, 16, 4, 0, 'p;', 0),
(61, 78, 0, 6, 0, 13, 10, 0, 'Area', 20, 0, 0, 4, 0, 16, 4, 0, 'p;', 0),
(62, 78, 0, 6, 0, 15, 10, 0, 'Area', 20, 0, 0, 4, 0, 16, 4, 0, 'p;', 0),
(63, 78, 0, 3, 6, 1, 10, 0, 'Area', 60, 0, 0, 13, 0, 49, 13, 0, 'p;', 0),
(64, 78, 0, 3, 6, 7, 10, 0, 'Area', 18, 0, 10, 8, 0, 0, 8, 0, 'p;', 0),
(65, 78, 0, 3, 6, 9, 10, 0, 'Area', 18, 0, 10, 8, 0, 0, 8, 0, 'p;', 0),
(66, 78, 0, 3, 6, 10, 10, 0, 'Area', 18, 0, 10, 8, 0, 0, 8, 0, 'p;', 0),
(67, 78, 0, 3, 6, 11, 10, 0, 'Area', 18, 0, 10, 8, 0, 0, 8, 0, 'p;', 0),
(68, 78, 0, 3, 6, 12, 10, 0, 'Area', 18, 0, 10, 6, 0, 0, 6, 1, 'p;', 0),
(69, 84, 1, 1, 21, 1, 10, 0, 'Particle', 34, 0, 0, 17, 0, 17, 17, 0, 'p;', 0),
(70, 82, 1, 6, 0, 1, 10, 0, 'Particle', 18, 0, 0, 0, 14, 0, 4, 0, '', 0),
(71, 83, 1, 6, 0, 9, 10, 0, 'Particle', 15, 0, 0, 0, 11, 0, 4, 0, '', 0),
(72, 83, 1, 6, 0, 15, 10, 0, 'Particle', 15, 0, 0, 0, 11, 0, 4, 0, '', 0),
(73, 81, 1, 4, 11, 1, 10, 0, 'Pulse', 27, 0, 0, 15, 0, 12, 15, 0, 'p;v1;', 0),
(74, 86, 1, 3, 6, 1, 11, 0, 'Particle', 64, 0, 0, 7, 0, 57, 13, 0, 'p;', 0),
(75, 86, 1, 3, 6, 1, 11, 0, 'Particle', 64, 0, 0, 7, 0, 57, 13, 0, 'p;', 0),
(76, 86, 1, 3, 6, 1, 11, 0, 'Particle', 64, 0, 0, 6, 0, 58, 12, 0, 'p;', 0),
(77, 86, 1, 3, 6, 1, 11, 0, 'Particle', 64, 0, 0, 6, 0, 58, 12, 0, 'p;', 0),
(78, 87, 1, 3, 6, 1, 11, 0, 'Particle', 64, 0, 0, 6, 0, 58, 12, 0, 'p;', 0),
(79, 87, 1, 3, 6, 1, 11, 0, 'Particle', 64, 0, 0, 6, 0, 58, 12, 0, 'p;', 0),
(80, 87, 1, 3, 6, 1, 11, 0, 'Particle', 64, 0, 0, 6, 0, 58, 12, 0, 'p;', 0),
(81, 87, 1, 3, 6, 1, 11, 0, 'Particle', 64, 0, 0, 6, 0, 58, 12, 0, 'p;', 0),
(82, 87, 1, 3, 6, 1, 11, 0, 'Particle', 64, 0, 0, 6, 0, 58, 11, 0, 'p;', 0),
(83, 87, 1, 3, 6, 1, 11, 0, 'Particle', 64, 0, 0, 6, 0, 58, 11, 0, 'p;', 0),
(84, 87, 1, 3, 6, 1, 11, 0, 'Particle', 64, 0, 0, 6, 0, 58, 11, 1, 'p;', 0),
(85, 87, 1, 3, 6, 2, 11, 0, 'Particle', 64, 0, 20, 6, 0, 38, 12, 0, 'p;c;', 0),
(86, 86, 1, 3, 6, 3, 11, 0, 'Particle', 64, 0, 20, 6, 0, 38, 12, 0, 'p;c;', 0),
(87, 86, 1, 3, 6, 3, 11, 0, 'Particle', 64, 0, 20, 6, 0, 38, 12, 0, 'p;c;', 0),
(88, 86, 1, 3, 6, 7, 11, 0, 'Particle', 64, 0, 21, 4, 0, 39, 8, 1, 'p;o5;', 0),
(89, 86, 1, 3, 6, 9, 11, 0, 'Particle', 64, 0, 28, 4, 0, 32, 7, 1, 'p;o3;', 0),
(90, 86, 1, 3, 6, 10, 11, 0, 'Particle', 64, 0, 22, 4, 0, 38, 8, 1, 'p;o3;', 0),
(91, 86, 1, 3, 6, 11, 11, 0, 'Particle', 64, 0, 16, 4, 0, 44, 8, 1, 'p;o3;', 0);

-- --------------------------------------------------------

--
-- Tabellenstruktur für Tabelle `deploys`
--

CREATE TABLE `deploys` (
  `id` int(4) NOT NULL,
  `gameid` int(4) DEFAULT '0',
  `userid` int(4) DEFAULT '0',
  `turn` int(2) DEFAULT '0',
  `phase` int(2) DEFAULT '0',
  `x` int(4) DEFAULT '0',
  `y` int(4) DEFAULT '0',
  `s` int(4) DEFAULT '0'
) ENGINE=InnoDB DEFAULT CHARSET=latin1;

-- --------------------------------------------------------

--
-- Tabellenstruktur für Tabelle `dogfights`
--

CREATE TABLE `dogfights` (
  `id` int(4) NOT NULL,
  `gameid` int(4) DEFAULT NULL,
  `turn` int(3) DEFAULT NULL,
  `a` int(4) DEFAULT NULL,
  `b` int(4) DEFAULT NULL
) ENGINE=InnoDB DEFAULT CHARSET=latin1;

-- --------------------------------------------------------

--
-- Tabellenstruktur für Tabelle `fireorders`
--

CREATE TABLE `fireorders` (
  `id` int(5) NOT NULL,
  `gameid` int(3) DEFAULT '0',
  `turn` int(3) DEFAULT '0',
  `shooterid` int(5) DEFAULT '0',
  `targetid` int(5) DEFAULT '0',
  `x` int(3) DEFAULT '0',
  `y` int(3) DEFAULT '0',
  `weaponid` int(5) DEFAULT '0',
  `shots` int(3) DEFAULT '0',
  `req` int(3) NOT NULL DEFAULT '0',
  `notes` varchar(255) NOT NULL DEFAULT '',
  `hits` int(3) NOT NULL DEFAULT '0',
  `resolved` tinyint(1) DEFAULT '0'
) ENGINE=InnoDB DEFAULT CHARSET=latin1;

--
-- Daten für Tabelle `fireorders`
--

INSERT INTO `fireorders` (`id`, `gameid`, `turn`, `shooterid`, `targetid`, `x`, `y`, `weaponid`, `shots`, `req`, `notes`, `hits`, `resolved`) VALUES
(1, 1, 3, 3, 1, -217, -208, 7, 1, 90, '43;', 9, 1),
(2, 1, 3, 3, 1, -218, -223, 8, 1, 87, '90;', 0, 1),
(3, 1, 3, 3, 1, -218, -223, 9, 1, 87, '90;', 0, 1),
(4, 1, 3, 3, 1, -218, -223, 10, 1, 87, '99;', 0, 1),
(5, 1, 3, 3, 1, -218, -223, 11, 1, 87, '98;', 0, 1),
(6, 1, 3, 4, 2, -162, 372, 10, 1, 40, '84;', 0, 1),
(7, 1, 3, 4, 2, -162, 372, 15, 1, 28, '31;', 0, 1),
(8, 1, 3, 4, 2, -162, 372, 16, 1, 28, '23;', 1, 1),
(9, 1, 3, 4, 2, -162, 372, 18, 1, 40, '55;', 0, 1),
(10, 1, 3, 1, 3, -148, -81, 13, 1, 58, '7;', 1, 1),
(11, 1, 3, 1, 3, -148, -81, 14, 1, 58, '46;', 1, 1),
(12, 1, 3, 1, 3, -148, -81, 15, 1, 58, '94;', 0, 1),
(13, 1, 3, 1, 3, -148, -81, 16, 1, 58, '20;', 1, 1),
(14, 1, 3, 1, 3, -148, -81, 17, 1, 58, '42;', 1, 1),
(15, 1, 3, 1, 3, -148, -81, 18, 1, 58, '16;', 1, 1),
(16, 1, 3, 1, 3, -148, -81, 19, 1, 58, '79;', 0, 1),
(17, 1, 3, 1, 3, -148, -81, 20, 1, 58, '65;', 0, 1),
(18, 1, 4, 1, 3, -268, -150, 22, 1, 69, '37;', 1, 1),
(19, 1, 4, 1, 3, -268, -150, 23, 1, 69, '97;', 0, 1),
(20, 1, 4, 1, 3, -268, -150, 24, 1, 69, '18;', 1, 1),
(21, 1, 4, 1, 3, -268, -150, 25, 1, 69, '5;', 1, 1),
(22, 1, 5, 1, 0, -277, -155, 9, 0, 0, '', 0, 1),
(23, 1, 5, 3, 1, 32, -270, 9, 1, 60, '23;', 1, 1),
(24, 1, 5, 3, 1, 32, -270, 10, 1, 60, '100;', 0, 1),
(25, 1, 5, 3, 1, 32, -270, 11, 1, 60, '98;', 0, 1),
(26, 1, 5, 3, 5, -227, -277, 12, 3, 37, '72;89;11;', 1, 1),
(27, 1, 5, 1, 3, -325, -302, 15, 1, 15, '82;', 0, 1),
(28, 1, 5, 1, 3, -325, -302, 16, 1, 34, '4;', 1, 1),
(29, 1, 5, 1, 3, -325, -302, 17, 1, 34, '38;', 0, 1),
(30, 1, 5, 1, 3, -325, -302, 18, 1, 34, '74;', 0, 1),
(31, 1, 5, 1, 3, -325, -302, 19, 1, 34, '53;', 0, 1),
(32, 1, 5, 1, 3, -325, -302, 20, 1, 15, '99;', 0, 1),
(33, 1, 5, 1, 3, -325, -302, 33, 1, 34, '82;', 0, 1),
(34, 1, 5, 1, 3, -325, -302, 34, 1, 34, '5;', 1, 1),
(35, 1, 7, 1, 0, -231, -416, 9, 0, 0, '', 0, 1),
(36, 1, 7, 4, 2, -207, -168, 7, 1, 79, '94;', 0, 1),
(37, 1, 7, 4, 2, -207, -168, 8, 1, 79, '24;', 1, 1),
(38, 1, 7, 4, 2, -207, -168, 9, 3, 69, '38;17;40;', 3, 1),
(39, 1, 7, 4, 2, -207, -168, 10, 1, 82, '96;', 0, 1),
(40, 1, 7, 4, 2, -207, -168, 18, 1, 82, '58;', 1, 1),
(41, 1, 7, 1, 3, -60, -407, 22, 1, 43, '66;', 0, 1),
(42, 1, 7, 1, 3, -60, -407, 23, 1, 43, '99;', 0, 1),
(43, 1, 7, 1, 3, -60, -407, 24, 1, 43, '88;', 0, 1),
(44, 1, 7, 1, 3, -60, -407, 25, 1, 43, '27;', 1, 1),
(45, 1, 7, 2, 4, -279, -153, 6, 1, 56, '68;', 0, 1),
(46, 1, 7, 2, 4, -279, -153, 7, 1, 56, '7;', 1, 1),
(47, 1, 7, 2, 4, -279, -153, 11, 1, 56, '71;', 0, 1),
(48, 1, 7, 2, 4, -279, -153, 12, 1, 56, '74;', 0, 1),
(49, 1, 8, 1, 4, -127, -129, 13, 1, 34, '52;', 0, 1),
(50, 1, 8, 1, 4, -127, -129, 14, 1, 42, '64;', 0, 1),
(51, 1, 8, 1, 4, -127, -129, 15, 1, 34, '48;', 0, 1),
(52, 1, 8, 1, 4, -127, -129, 16, 1, 42, '41;', 1, 1),
(53, 1, 8, 1, 4, -127, -129, 17, 1, 42, '60;', 0, 1),
(54, 1, 8, 1, 4, -127, -129, 18, 1, 42, '73;', 0, 1),
(55, 1, 8, 1, 4, -127, -129, 19, 1, 42, '53;', 0, 1),
(56, 1, 8, 1, 4, -127, -129, 20, 1, 34, '74;', 0, 1),
(57, 1, 8, 2, 3, 60, -334, 4, 1, 51, '25;', 1, 1),
(58, 1, 8, 2, 3, 60, -334, 5, 1, 42, '61;', 0, 1),
(59, 1, 8, 2, 3, 60, -334, 9, 1, 51, '39;', 1, 1),
(60, 1, 8, 2, 3, 60, -334, 10, 1, 51, '11;', 1, 1),
(61, 1, 8, 6, 3, 67, -329, 2, 1, 92, '95;', 0, 1),
(62, 1, 8, 6, 3, 67, -329, 4, 1, 92, '93;', 0, 1),
(63, 1, 8, 6, 3, 67, -329, 6, 1, 86, '43;', 1, 1),
(64, 1, 8, 6, 3, 67, -329, 8, 1, 97, '74;', 1, 1),
(65, 1, 8, 6, 3, 67, -329, 10, 1, 97, '36;', 1, 1),
(66, 1, 8, 6, 3, 67, -329, 12, 1, 90, '35;', 1, 1),
(67, 1, 8, 6, 3, 67, -329, 14, 1, 89, '20;', 1, 1),
(68, 1, 8, 6, 3, 67, -329, 16, 1, 92, '21;', 1, 1),
(69, 1, 8, 3, 1, 36, 51, 7, 1, 68, '16;', 9, 1),
(70, 1, 8, 3, 1, 36, 51, 9, 1, 61, '81;', 0, 1),
(71, 1, 8, 3, 1, 36, 51, 10, 1, 61, '16;', 1, 1),
(72, 1, 8, 3, 1, 36, 51, 11, 1, 61, '61;', 1, 1),
(73, 1, 8, 3, 6, 0, 0, 12, 6, 48, '91;62;66;13;97;40;', 2, 1),
(74, 1, 8, 3, 6, 0, 0, 26, 3, 48, '38;70;9;', 2, 1),
(75, 1, 8, 3, 6, 0, 0, 27, 3, 48, '39;62;75;', 1, 1),
(76, 1, 8, 4, 2, -137, -334, 15, 1, 37, '45;', 0, 1),
(77, 1, 8, 4, 2, -137, -334, 16, 1, 37, '30;', 1, 1),
(78, 1, 10, 1, 0, 250, -86, 24, 1, 0, '250;-86;', 2, 1),
(79, 1, 10, 1, 4, 193, -17, 22, 1, 18, '73;', 0, 1),
(80, 1, 10, 1, 4, 193, -17, 23, 1, 18, '66;', 0, 1),
(81, 1, 10, 1, 4, 193, -17, 25, 1, 18, '6;', 1, 1),
(82, 1, 10, 3, 6, 0, 0, 26, 3, 48, '51;35;77;', 1, 1),
(83, 1, 10, 3, 6, 0, 0, 27, 3, 48, '72;22;46;', 2, 1),
(84, 1, 10, 4, 1, -255, 145, 12, 1, 45, '23;', 1, 1),
(85, 1, 10, 4, 1, -255, 145, 13, 1, 45, '49;', 0, 1),
(86, 1, 11, 1, 3, 252, 29, 22, 12, 86, '62;41;99;31;76;19;96;18;76;74;50;71;', 10, 1),
(87, 1, 11, 1, 3, 252, 29, 23, 12, 86, '48;55;87;64;16;6;20;99;84;20;54;46;', 8, 1),
(88, 1, 11, 1, 3, 252, 29, 24, 12, 0, '', 0, 1),
(89, 1, 11, 1, 3, 252, 29, 25, 12, 0, '', 0, 1);

-- --------------------------------------------------------

--
-- Tabellenstruktur für Tabelle `games`
--

CREATE TABLE `games` (
  `id` int(3) NOT NULL,
  `name` varchar(255) DEFAULT NULL,
  `status` varchar(255) DEFAULT NULL,
  `turn` int(3) DEFAULT NULL,
  `phase` int(3) DEFAULT NULL,
  `pv` int(5) DEFAULT NULL,
  `reinforce` int(5) DEFAULT NULL,
  `reinforceTurn` int(2) DEFAULT '11',
  `reinforceETA` int(2) DEFAULT '3',
  `focusMod` int(3) DEFAULT '100'
) ENGINE=InnoDB DEFAULT CHARSET=latin1;

--
-- Daten für Tabelle `games`
--

INSERT INTO `games` (`id`, `name`, `status`, `turn`, `phase`, `pv`, `reinforce`, `reinforceTurn`, `reinforceETA`, `focusMod`) VALUES
(1, 'myGame', 'active', 11, 3, 3000, 1500, 11, 3, 100);

-- --------------------------------------------------------

--
-- Tabellenstruktur für Tabelle `loads`
--

CREATE TABLE `loads` (
  `id` int(4) NOT NULL,
  `shipid` int(5) DEFAULT NULL,
  `systemid` int(3) DEFAULT NULL,
  `name` varchar(20) DEFAULT NULL,
  `amount` int(3) DEFAULT NULL
) ENGINE=InnoDB DEFAULT CHARSET=latin1;

--
-- Daten für Tabelle `loads`
--

INSERT INTO `loads` (`id`, `shipid`, `systemid`, `name`, `amount`) VALUES
(1, 8, 9, 'Aurora', 10),
(2, 9, 13, 'Naga', 4),
(3, 9, 17, 'Naga', 4),
(11, 1, 9, 'Aurora', 20);

-- --------------------------------------------------------

--
-- Tabellenstruktur für Tabelle `missions`
--

CREATE TABLE `missions` (
  `id` int(4) NOT NULL,
  `unitid` int(4) NOT NULL DEFAULT '0',
  `type` varchar(20) NOT NULL DEFAULT '1',
  `turn` int(1) NOT NULL DEFAULT '0',
  `targetid` int(4) NOT NULL DEFAULT '0',
  `x` int(4) NOT NULL DEFAULT '0',
  `y` int(4) NOT NULL DEFAULT '0',
  `arrived` tinyint(1) NOT NULL DEFAULT '0'
) ENGINE=InnoDB DEFAULT CHARSET=latin1;

--
-- Daten für Tabelle `missions`
--

INSERT INTO `missions` (`id`, `unitid`, `type`, `turn`, `targetid`, `x`, `y`, `arrived`) VALUES
(1, 5, '2', 5, 3, -317, -297, 0),
(2, 6, '2', 7, 3, 283, -121, 11);

-- --------------------------------------------------------

--
-- Tabellenstruktur für Tabelle `playerstatus`
--

CREATE TABLE `playerstatus` (
  `id` int(3) NOT NULL,
  `userid` int(3) DEFAULT NULL,
  `gameid` int(3) DEFAULT NULL,
  `turn` int(3) DEFAULT NULL,
  `phase` int(3) DEFAULT NULL,
  `faction` varchar(20) DEFAULT NULL,
  `value` int(5) DEFAULT NULL,
  `maxFocus` int(4) DEFAULT '0',
  `gainFocus` int(4) DEFAULT '0',
  `curFocus` int(4) DEFAULT '0',
  `status` varchar(255) DEFAULT NULL
) ENGINE=InnoDB DEFAULT CHARSET=latin1;

--
-- Daten für Tabelle `playerstatus`
--

INSERT INTO `playerstatus` (`id`, `userid`, `gameid`, `turn`, `phase`, `faction`, `value`, `maxFocus`, `gainFocus`, `curFocus`, `status`) VALUES
(1, 1, 1, 11, 3, 'Earth Alliance', 2820, 500, 100, 500, 'waiting'),
(2, 2, 1, 11, 3, 'Minbari Federation', 2550, 500, 100, 500, 'waiting'),
(3, 1, 2, 1, 0, 'Earth Alliance', 2295, 1000, 250, 1000, 'waiting'),
(4, 2, 2, 1, 0, 'Minbari Federation', 2520, 1000, 250, 1000, 'waiting'),
(5, 1, 3, 1, 0, 'Earth Alliance', 4070, 1400, 350, 700, 'waiting'),
(6, 2, 3, 1, 0, 'Earth Alliance', 3400, 1400, 350, 700, 'waiting'),
(7, 1, 4, 1, -1, 'Earth Alliance', 3180, 1400, 350, 700, 'waiting'),
(8, 2, 4, 1, -1, 'Centauri Republic', 2900, 1400, 350, 700, 'waiting'),
(9, 1, 5, -1, -1, 'Earth Alliance', 1900, 0, 0, 0, 'ready'),
(10, 1, 6, -1, -1, 'Earth Alliance', 1900, 0, 0, 0, 'ready'),
(11, 1, 7, -1, -1, 'Minbari Federation', 2400, 0, 0, 0, 'ready'),
(12, 1, 8, -1, -1, 'Centauri Republic', 2200, 1140, 285, 570, 'ready'),
(13, 1, 9, -1, -1, 'Centauri Republic', 2200, 0, 0, 0, 'ready'),
(14, 1, 10, -1, -1, 'Earth Alliance', 2225, 0, 0, 0, 'ready'),
(15, 1, 11, -1, -1, 'Centauri Republic', 2200, 1200, 300, 600, 'ready'),
(16, 1, 12, -1, -1, 'Earth Alliance', 1125, 1380, 345, 690, 'ready');

-- --------------------------------------------------------

--
-- Tabellenstruktur für Tabelle `powers`
--

CREATE TABLE `powers` (
  `id` int(5) NOT NULL,
  `unitid` int(5) DEFAULT NULL,
  `systemid` int(5) DEFAULT NULL,
  `turn` int(2) DEFAULT NULL,
  `type` varchar(10) DEFAULT NULL,
  `cost` int(3) DEFAULT NULL
) ENGINE=InnoDB DEFAULT CHARSET=latin1;

--
-- Daten für Tabelle `powers`
--

INSERT INTO `powers` (`id`, `unitid`, `systemid`, `turn`, `type`, `cost`) VALUES
(1, 4, 17, 1, '-1', 0),
(2, 1, 7, 1, '-1', 0),
(3, 1, 8, 1, '-1', 0),
(4, 1, 10, 1, '-1', 0),
(5, 1, 11, 1, '-1', 0),
(6, 1, 13, 1, '-1', 0),
(7, 1, 14, 1, '-1', 0),
(8, 1, 15, 1, '-1', 0),
(9, 1, 16, 1, '-1', 0),
(10, 1, 17, 1, '-1', 0),
(11, 1, 18, 1, '-1', 0),
(12, 1, 19, 1, '-1', 0),
(13, 1, 20, 1, '-1', 0),
(14, 1, 27, 1, '-1', 0),
(15, 1, 28, 1, '-1', 0),
(16, 1, 29, 1, '-1', 0),
(17, 1, 30, 1, '-1', 0),
(18, 1, 31, 1, '-1', 0),
(19, 1, 32, 1, '-1', 0),
(20, 1, 33, 1, '-1', 0),
(21, 1, 34, 1, '-1', 0),
(22, 2, 4, 1, '-1', 0),
(23, 2, 5, 1, '-1', 0),
(24, 2, 6, 1, '-1', 0),
(25, 2, 7, 1, '-1', 0),
(26, 2, 9, 1, '-1', 0),
(27, 2, 10, 1, '-1', 0),
(28, 2, 11, 1, '-1', 0),
(29, 2, 12, 1, '-1', 0),
(30, 1, 7, 2, '-1', 0),
(31, 1, 8, 2, '-1', 0),
(32, 1, 10, 2, '-1', 0),
(33, 1, 11, 2, '-1', 0),
(34, 1, 13, 2, '-1', 0),
(35, 1, 14, 2, '-1', 0),
(36, 1, 15, 2, '-1', 0),
(37, 1, 16, 2, '-1', 0),
(38, 1, 17, 2, '-1', 0),
(39, 1, 18, 2, '-1', 0),
(40, 1, 19, 2, '-1', 0),
(41, 1, 20, 2, '-1', 0),
(42, 1, 27, 2, '-1', 0),
(43, 1, 28, 2, '-1', 0),
(44, 1, 29, 2, '-1', 0),
(45, 1, 30, 2, '-1', 0),
(46, 1, 31, 2, '-1', 0),
(47, 1, 32, 2, '-1', 0),
(48, 1, 33, 2, '-1', 0),
(49, 1, 34, 2, '-1', 0),
(50, 2, 4, 2, '-1', 0),
(51, 2, 5, 2, '-1', 0),
(52, 2, 6, 2, '-1', 0),
(53, 2, 7, 2, '-1', 0),
(54, 2, 9, 2, '-1', 0),
(55, 2, 10, 2, '-1', 0),
(56, 2, 11, 2, '-1', 0),
(57, 2, 12, 2, '-1', 0),
(58, 4, 17, 2, '-1', 0),
(59, 4, 17, 3, '-1', 0),
(60, 1, 7, 3, '-1', 0),
(61, 1, 8, 3, '-1', 0),
(62, 1, 10, 3, '-1', 0),
(63, 1, 11, 3, '-1', 0),
(64, 1, 13, 3, '-1', 0),
(65, 1, 14, 3, '-1', 0),
(66, 1, 15, 3, '-1', 0),
(67, 1, 16, 3, '-1', 0),
(68, 1, 17, 3, '-1', 0),
(69, 1, 18, 3, '-1', 0),
(70, 1, 19, 3, '-1', 0),
(71, 1, 20, 3, '-1', 0),
(72, 1, 27, 3, '-1', 0),
(73, 1, 28, 3, '-1', 0),
(74, 1, 29, 3, '-1', 0),
(75, 1, 30, 3, '-1', 0),
(76, 1, 31, 3, '-1', 0),
(77, 1, 32, 3, '-1', 0),
(78, 1, 33, 3, '-1', 0),
(79, 1, 34, 3, '-1', 0),
(80, 2, 4, 3, '-1', 0),
(81, 2, 5, 3, '-1', 0),
(82, 2, 6, 3, '-1', 0),
(83, 2, 7, 3, '-1', 0),
(84, 2, 9, 3, '-1', 0),
(85, 2, 10, 3, '-1', 0),
(86, 2, 11, 3, '-1', 0),
(87, 2, 12, 3, '-1', 0),
(88, 1, 7, 4, '-1', 0),
(89, 1, 8, 4, '-1', 0),
(90, 1, 10, 4, '-1', 0),
(91, 1, 11, 4, '-1', 0),
(92, 1, 13, 4, '-1', 0),
(93, 1, 14, 4, '-1', 0),
(94, 1, 15, 4, '-1', 0),
(95, 1, 16, 4, '-1', 0),
(96, 1, 17, 4, '-1', 0),
(97, 1, 18, 4, '-1', 0),
(98, 1, 19, 4, '-1', 0),
(99, 1, 20, 4, '-1', 0),
(100, 1, 27, 4, '-1', 0),
(101, 1, 28, 4, '-1', 0),
(102, 1, 29, 4, '-1', 0),
(103, 1, 30, 4, '-1', 0),
(104, 1, 31, 4, '-1', 0),
(105, 1, 32, 4, '-1', 0),
(106, 1, 33, 4, '-1', 0),
(107, 1, 34, 4, '-1', 0),
(108, 2, 4, 4, '-1', 0),
(109, 2, 5, 4, '-1', 0),
(110, 2, 6, 4, '-1', 0),
(111, 2, 7, 4, '-1', 0),
(112, 2, 9, 4, '-1', 0),
(113, 2, 10, 4, '-1', 0),
(114, 2, 11, 4, '-1', 0),
(115, 2, 12, 4, '-1', 0),
(116, 4, 17, 4, '-1', 0),
(117, 1, 7, 5, '-1', 0),
(118, 1, 8, 5, '-1', 0),
(119, 1, 10, 5, '-1', 0),
(120, 1, 11, 5, '-1', 0),
(121, 1, 13, 5, '-1', 0),
(122, 1, 14, 5, '-1', 0),
(123, 1, 15, 5, '-1', 0),
(124, 1, 16, 5, '-1', 0),
(125, 1, 17, 5, '-1', 0),
(126, 1, 18, 5, '-1', 0),
(127, 1, 19, 5, '-1', 0),
(128, 1, 20, 5, '-1', 0),
(129, 1, 27, 5, '-1', 0),
(130, 1, 28, 5, '-1', 0),
(131, 1, 29, 5, '-1', 0),
(132, 1, 30, 5, '-1', 0),
(133, 1, 31, 5, '-1', 0),
(134, 1, 32, 5, '-1', 0),
(135, 1, 33, 5, '-1', 0),
(136, 1, 34, 5, '-1', 0),
(137, 2, 4, 5, '-1', 0),
(138, 2, 5, 5, '-1', 0),
(139, 2, 6, 5, '-1', 0),
(140, 2, 7, 5, '-1', 0),
(141, 2, 9, 5, '-1', 0),
(142, 2, 10, 5, '-1', 0),
(143, 2, 11, 5, '-1', 0),
(144, 2, 12, 5, '-1', 0),
(145, 4, 17, 5, '-1', 0),
(146, 4, 17, 6, '-1', 0),
(147, 1, 7, 6, '-1', 0),
(148, 1, 8, 6, '-1', 0),
(149, 1, 10, 6, '-1', 0),
(150, 1, 11, 6, '-1', 0),
(151, 1, 13, 6, '-1', 0),
(152, 1, 14, 6, '-1', 0),
(153, 1, 15, 6, '-1', 0),
(154, 1, 16, 6, '-1', 0),
(155, 1, 17, 6, '-1', 0),
(156, 1, 18, 6, '-1', 0),
(157, 1, 19, 6, '-1', 0),
(158, 1, 20, 6, '-1', 0),
(159, 1, 27, 6, '-1', 0),
(160, 1, 28, 6, '-1', 0),
(161, 1, 29, 6, '-1', 0),
(162, 1, 30, 6, '-1', 0),
(163, 1, 31, 6, '-1', 0),
(164, 1, 32, 6, '-1', 0),
(165, 1, 33, 6, '-1', 0),
(166, 1, 34, 6, '-1', 0),
(167, 2, 4, 6, '-1', 0),
(168, 2, 5, 6, '-1', 0),
(169, 2, 6, 6, '-1', 0),
(170, 2, 7, 6, '-1', 0),
(171, 2, 9, 6, '-1', 0),
(172, 2, 10, 6, '-1', 0),
(173, 2, 11, 6, '-1', 0),
(174, 2, 12, 6, '-1', 0),
(175, 1, 7, 7, '-1', 0),
(176, 1, 8, 7, '-1', 0),
(177, 1, 10, 7, '-1', 0),
(178, 1, 11, 7, '-1', 0),
(179, 1, 13, 7, '-1', 0),
(180, 1, 14, 7, '-1', 0),
(181, 1, 15, 7, '-1', 0),
(182, 1, 16, 7, '-1', 0),
(183, 1, 17, 7, '-1', 0),
(184, 1, 18, 7, '-1', 0),
(185, 1, 19, 7, '-1', 0),
(186, 1, 20, 7, '-1', 0),
(187, 1, 27, 7, '-1', 0),
(188, 1, 28, 7, '-1', 0),
(189, 1, 29, 7, '-1', 0),
(190, 1, 30, 7, '-1', 0),
(191, 1, 31, 7, '-1', 0),
(192, 1, 32, 7, '-1', 0),
(193, 1, 33, 7, '-1', 0),
(194, 1, 34, 7, '-1', 0),
(195, 2, 4, 7, '-1', 0),
(196, 2, 5, 7, '-1', 0),
(197, 2, 6, 7, '-1', 0),
(198, 2, 7, 7, '-1', 0),
(199, 2, 9, 7, '-1', 0),
(200, 2, 10, 7, '-1', 0),
(201, 2, 11, 7, '-1', 0),
(202, 2, 12, 7, '-1', 0),
(203, 4, 17, 7, '-1', 0),
(204, 3, 12, 8, '1', 3),
(205, 4, 17, 8, '-1', 0),
(206, 1, 7, 8, '-1', 0),
(207, 1, 8, 8, '-1', 0),
(208, 1, 10, 8, '-1', 0),
(209, 1, 11, 8, '-1', 0),
(210, 1, 13, 8, '-2', 0),
(211, 1, 14, 8, '-2', 0),
(212, 1, 15, 8, '-2', 0),
(213, 1, 16, 8, '-2', 0),
(214, 1, 17, 8, '-2', 0),
(215, 1, 18, 8, '-2', 0),
(216, 1, 19, 8, '-2', 0),
(217, 1, 20, 8, '-2', 0),
(218, 1, 27, 8, '-2', 0),
(219, 1, 28, 8, '-2', 0),
(220, 1, 29, 8, '-2', 0),
(221, 1, 30, 8, '-2', 0),
(222, 1, 31, 8, '-2', 0),
(223, 1, 32, 8, '-2', 0),
(224, 1, 33, 8, '-2', 0),
(225, 1, 34, 8, '-2', 0),
(226, 2, 4, 8, '-1', 0),
(227, 2, 5, 8, '-1', 0),
(228, 2, 6, 8, '-1', 0),
(229, 2, 7, 8, '-1', 0),
(230, 2, 9, 8, '-1', 0),
(231, 2, 10, 8, '-1', 0),
(232, 2, 11, 8, '-1', 0),
(233, 2, 12, 8, '-1', 0),
(234, 1, 7, 9, '-1', 0),
(235, 1, 8, 9, '-1', 0),
(236, 1, 10, 9, '-1', 0),
(237, 1, 11, 9, '-1', 0),
(238, 1, 27, 9, '-2', 0),
(239, 1, 28, 9, '-2', 0),
(240, 1, 29, 9, '-2', 0),
(241, 1, 30, 9, '-2', 0),
(242, 1, 31, 9, '-2', 0),
(243, 1, 32, 9, '-2', 0),
(244, 1, 33, 9, '-2', 0),
(245, 1, 34, 9, '-2', 0),
(246, 2, 4, 9, '-1', 0),
(247, 2, 5, 9, '-1', 0),
(248, 2, 6, 9, '-1', 0),
(249, 2, 7, 9, '-1', 0),
(250, 2, 9, 9, '-1', 0),
(251, 2, 10, 9, '-1', 0),
(252, 2, 11, 9, '-1', 0),
(253, 2, 12, 9, '-1', 0),
(254, 4, 17, 9, '-1', 0),
(255, 1, 7, 10, '-1', 0),
(256, 1, 8, 10, '-1', 0),
(257, 1, 10, 10, '-1', 0),
(258, 1, 11, 10, '-1', 0),
(259, 1, 13, 10, '-1', 0),
(260, 1, 14, 10, '-1', 0),
(261, 1, 15, 10, '-1', 0),
(262, 1, 16, 10, '-1', 0),
(263, 1, 17, 10, '-1', 0),
(264, 1, 18, 10, '-1', 0),
(265, 1, 19, 10, '-1', 0),
(266, 1, 20, 10, '-1', 0),
(267, 1, 27, 10, '-2', 0),
(268, 1, 28, 10, '-2', 0),
(269, 1, 29, 10, '-2', 0),
(270, 1, 30, 10, '-2', 0),
(271, 1, 31, 10, '-2', 0),
(272, 1, 32, 10, '-2', 0),
(273, 1, 33, 10, '-2', 0),
(274, 1, 34, 10, '-2', 0),
(275, 2, 4, 10, '-1', 0),
(276, 2, 5, 10, '-1', 0),
(277, 2, 6, 10, '-1', 0),
(278, 2, 7, 10, '-1', 0),
(279, 2, 9, 10, '-1', 0),
(280, 2, 10, 10, '-1', 0),
(281, 2, 11, 10, '-1', 0),
(282, 2, 12, 10, '-1', 0),
(283, 4, 17, 10, '-1', 0),
(284, 10, 17, 1, '-1', 0),
(285, 11, 17, 1, '-1', 0),
(286, 8, 13, 1, '1', 4),
(287, 8, 14, 1, '-2', 0),
(288, 8, 14, 1, '0', 0),
(289, 8, 15, 1, '-2', 0),
(290, 8, 15, 1, '0', 0),
(291, 8, 20, 1, '1', 4),
(292, 8, 21, 1, '-2', 0),
(293, 8, 21, 1, '0', 0),
(294, 8, 22, 1, '-2', 0),
(295, 8, 22, 1, '0', 0),
(296, 8, 4, 1, '1', 3),
(297, 9, 7, 1, '-1', 0),
(298, 9, 9, 1, '-1', 0),
(299, 9, 12, 1, '-1', 0),
(300, 9, 16, 1, '-1', 0),
(301, 14, 7, 1, '-1', 0),
(302, 14, 8, 1, '-1', 0),
(303, 14, 10, 1, '-1', 0),
(304, 14, 11, 1, '-1', 0),
(305, 14, 13, 1, '-1', 0),
(306, 14, 14, 1, '-1', 0),
(307, 14, 15, 1, '-1', 0),
(308, 14, 16, 1, '-1', 0),
(309, 14, 17, 1, '-1', 0),
(310, 14, 18, 1, '-1', 0),
(311, 14, 19, 1, '-1', 0),
(312, 14, 20, 1, '-1', 0),
(313, 14, 27, 1, '-1', 0),
(314, 14, 28, 1, '-1', 0),
(315, 14, 29, 1, '-1', 0),
(316, 14, 30, 1, '-1', 0),
(317, 14, 31, 1, '-1', 0),
(318, 14, 32, 1, '-1', 0),
(319, 14, 33, 1, '-1', 0),
(320, 14, 34, 1, '-1', 0),
(321, 13, 7, 1, '-1', 0),
(322, 13, 9, 1, '-1', 0),
(323, 13, 12, 1, '-1', 0),
(324, 13, 13, 1, '0', 0),
(325, 13, 16, 1, '-1', 0),
(326, 13, 17, 1, '0', 0),
(327, 4, 17, 11, '-1', 0),
(328, 1, 7, 11, '-1', 0),
(329, 1, 8, 11, '-1', 0),
(330, 1, 10, 11, '-1', 0),
(331, 1, 11, 11, '-1', 0),
(332, 1, 27, 11, '-2', 0),
(333, 1, 28, 11, '-2', 0),
(334, 1, 29, 11, '-2', 0),
(335, 1, 30, 11, '-2', 0),
(336, 1, 31, 11, '-2', 0),
(337, 1, 32, 11, '-2', 0),
(338, 1, 33, 11, '-2', 0),
(339, 1, 34, 11, '-2', 0),
(340, 2, 4, 11, '-1', 0),
(341, 2, 5, 11, '-1', 0),
(342, 2, 6, 11, '-1', 0),
(343, 2, 7, 11, '-1', 0),
(344, 2, 9, 11, '-1', 0),
(345, 2, 10, 11, '-1', 0),
(346, 2, 11, 11, '-1', 0),
(347, 2, 12, 11, '-1', 0);

-- --------------------------------------------------------

--
-- Tabellenstruktur für Tabelle `reinforcements`
--

CREATE TABLE `reinforcements` (
  `id` int(3) NOT NULL,
  `gameid` int(3) DEFAULT NULL,
  `userid` int(5) DEFAULT NULL,
  `name` varchar(255) DEFAULT NULL,
  `eta` int(3) DEFAULT NULL,
  `cost` int(5) DEFAULT NULL
) ENGINE=InnoDB DEFAULT CHARSET=latin1;

-- --------------------------------------------------------

--
-- Tabellenstruktur für Tabelle `sensors`
--

CREATE TABLE `sensors` (
  `id` int(5) NOT NULL,
  `unitid` int(5) DEFAULT NULL,
  `systemid` int(5) DEFAULT NULL,
  `turn` int(3) DEFAULT NULL,
  `angle` decimal(5,2) DEFAULT NULL,
  `dist` int(4) DEFAULT NULL,
  `type` int(3) DEFAULT '0'
) ENGINE=InnoDB DEFAULT CHARSET=latin1;

--
-- Daten für Tabelle `sensors`
--

INSERT INTO `sensors` (`id`, `unitid`, `systemid`, `turn`, `angle`, `dist`, `type`) VALUES
(1, 3, 4, 1, '-1.00', 132, 0),
(2, 4, 4, 1, '-1.00', 110, 0),
(3, 1, 4, 1, '-1.00', 117, 0),
(4, 2, 1, 1, '-1.00', 73, 0),
(5, 1, 4, 2, '-1.00', 117, 0),
(6, 2, 1, 2, '-1.00', 73, 0),
(7, 3, 4, 2, '-1.00', 132, 0),
(8, 4, 4, 2, '-1.00', 110, 0),
(9, 3, 4, 3, '-1.00', 132, 0),
(10, 4, 4, 3, '-1.00', 110, 0),
(11, 1, 4, 3, '-1.00', 117, 0),
(12, 2, 1, 3, '-1.00', 73, 0),
(13, 1, 4, 4, '-1.00', 117, 0),
(14, 2, 1, 4, '-1.00', 73, 0),
(15, 3, 4, 4, '-1.00', 132, 0),
(16, 4, 4, 4, '-1.00', 110, 0),
(17, 1, 4, 5, '-1.00', 117, 0),
(18, 2, 1, 5, '-1.00', 73, 0),
(19, 3, 4, 5, '-1.00', 132, 0),
(20, 4, 4, 5, '-1.00', 110, 0),
(21, 3, 4, 6, '-1.00', 132, 0),
(22, 4, 4, 6, '-1.00', 110, 0),
(23, 1, 4, 6, '-1.00', 117, 0),
(24, 2, 1, 6, '-1.00', 73, 0),
(25, 1, 4, 7, '-1.00', 117, 0),
(26, 2, 1, 7, '-1.00', 73, 0),
(27, 3, 4, 7, '-1.00', 132, 0),
(28, 4, 4, 7, '-1.00', 110, 0),
(29, 3, 4, 8, '-1.00', 132, 0),
(30, 4, 4, 8, '-1.00', 110, 0),
(31, 1, 4, 8, '-1.00', 117, 0),
(32, 2, 1, 8, '-1.00', 73, 0),
(33, 1, 4, 9, '-1.00', 117, 0),
(34, 2, 1, 9, '-1.00', 73, 0),
(35, 3, 4, 9, '-1.00', 132, 0),
(36, 4, 4, 9, '-1.00', 110, 0),
(37, 1, 4, 10, '-1.00', 117, 0),
(38, 2, 1, 10, '-1.00', 73, 0),
(39, 3, 4, 10, '-1.00', 132, 0),
(40, 4, 4, 10, '-1.00', 110, 0),
(41, 10, 4, 1, '359.51', 1170, 0),
(42, 11, 4, 1, '359.77', 1268, 0),
(43, 12, 1, 1, '0.48', 1186, 0),
(44, 8, 4, 1, '0.49', 1179, 0),
(45, 9, 4, 1, '-1.00', 88, 0),
(46, 7, 1, 1, '-1.00', 55, 0),
(47, 14, 4, 1, '-1.00', 117, 0),
(48, 13, 4, 1, '-1.00', 88, 0),
(49, 3, 4, 11, '-1.00', 132, 0),
(50, 4, 4, 11, '-1.00', 110, 0),
(51, 1, 4, 11, '-1.00', 117, 0),
(52, 2, 1, 11, '-1.00', 73, 0);

-- --------------------------------------------------------

--
-- Tabellenstruktur für Tabelle `subunits`
--

CREATE TABLE `subunits` (
  `id` int(4) NOT NULL,
  `unitid` int(4) DEFAULT NULL,
  `amount` int(2) DEFAULT NULL,
  `name` varchar(20) DEFAULT NULL
) ENGINE=InnoDB DEFAULT CHARSET=latin1;

--
-- Daten für Tabelle `subunits`
--

INSERT INTO `subunits` (`id`, `unitid`, `amount`, `name`) VALUES
(1, 2, 1, 'Crius'),
(2, 2, 1, 'Crius'),
(3, 5, 12, 'Aurora'),
(4, 6, 8, 'Aurora'),
(5, 7, 1, 'Tethys'),
(6, 7, 1, 'Tethys'),
(7, 7, 1, 'Tethys'),
(8, 12, 1, 'WhiteStar'),
(9, 12, 1, 'WhiteStar'),
(26, 36, 1, 'Hermes'),
(27, 36, 1, 'Hermes'),
(28, 37, 1, 'Tethys'),
(29, 37, 1, 'Tethys');

-- --------------------------------------------------------

--
-- Tabellenstruktur für Tabelle `systemcrits`
--

CREATE TABLE `systemcrits` (
  `id` int(4) NOT NULL,
  `shipid` int(4) DEFAULT NULL,
  `systemid` int(4) DEFAULT NULL,
  `turn` int(3) DEFAULT NULL,
  `type` varchar(255) DEFAULT NULL,
  `duration` int(3) DEFAULT NULL,
  `value` decimal(5,2) DEFAULT NULL
) ENGINE=InnoDB DEFAULT CHARSET=latin1;

--
-- Daten für Tabelle `systemcrits`
--

INSERT INTO `systemcrits` (`id`, `shipid`, `systemid`, `turn`, `type`, `duration`, `value`) VALUES
(1, 1, 13, 3, 'Accuracy', 0, '30.00'),
(2, 1, 15, 3, 'Accuracy', 0, '30.00'),
(3, 1, 20, 3, 'Accuracy', 0, '30.00'),
(4, 2, 5, 3, 'Accuracy', 0, '25.00'),
(5, 3, 5, 4, 'Overload', 0, '1.59'),
(6, 2, 9, 7, 'Damage', 0, '15.00'),
(7, 2, 11, 7, 'Damage', 0, '15.00'),
(8, 1, 5, 8, 'Overload', 0, '9.57'),
(9, 6, 3, 8, 'Disabled', 0, '0.00'),
(10, 6, 11, 8, 'Disabled', 0, '0.00'),
(11, 3, 16, 8, 'Damage', 0, '10.00'),
(12, 3, 17, 8, 'Accuracy', 0, '15.00'),
(13, 4, 9, 8, 'Disabled', 1, '0.00'),
(14, 4, 9, 8, 'Damage', 0, '20.00'),
(15, 4, 9, 8, 'Accuracy', 0, '30.00'),
(16, 6, 1, 10, 'Disabled', 0, '0.00'),
(17, 6, 9, 10, 'Disabled', 0, '0.00'),
(18, 6, 15, 10, 'Disabled', 0, '0.00'),
(19, 3, 5, 10, 'Overload', 0, '1.65'),
(20, 3, 7, 10, 'Accuracy', 0, '30.00'),
(21, 3, 10, 10, 'Accuracy', 0, '30.00'),
(22, 3, 11, 10, 'Damage', 0, '20.00');

-- --------------------------------------------------------

--
-- Tabellenstruktur für Tabelle `units`
--

CREATE TABLE `units` (
  `id` int(3) NOT NULL,
  `gameid` int(3) DEFAULT '0',
  `userid` int(3) DEFAULT '0',
  `ship` tinyint(1) DEFAULT '0',
  `ball` tinyint(1) DEFAULT '0',
  `name` varchar(255) DEFAULT '',
  `display` varchar(40) DEFAULT '',
  `status` varchar(255) DEFAULT '',
  `command` tinyint(4) DEFAULT '0',
  `available` int(3) DEFAULT '0',
  `destroyed` tinyint(1) DEFAULT '0',
  `x` int(4) DEFAULT '0',
  `y` int(4) DEFAULT '0',
  `facing` int(3) DEFAULT '0',
  `delay` int(3) DEFAULT '0',
  `thrust` int(3) DEFAULT '0',
  `rolling` int(2) DEFAULT '0',
  `rolled` int(2) DEFAULT '0',
  `flipped` int(2) DEFAULT '0',
  `turn` int(1) DEFAULT '0',
  `phase` int(1) DEFAULT '0',
  `focus` tinyint(4) DEFAULT '0',
  `notes` varchar(50) DEFAULT ''
) ENGINE=InnoDB DEFAULT CHARSET=latin1;

--
-- Daten für Tabelle `units`
--

INSERT INTO `units` (`id`, `gameid`, `userid`, `ship`, `ball`, `name`, `display`, `status`, `command`, `available`, `destroyed`, `x`, `y`, `facing`, `delay`, `thrust`, `rolling`, `rolled`, `flipped`, `turn`, `phase`, `focus`, `notes`) VALUES
(1, 1, 1, 1, 0, 'Omega', '', 'bought', 1, 1, 0, -239, 145, 161, 0, 140, 0, 0, 0, 10, 3, 0, ''),
(2, 1, 1, 1, 0, 'Squadron', '', 'bought', 0, 1, 0, -38, -572, 113, 0, 175, 0, 0, 10, 10, 3, 0, ''),
(3, 1, 2, 1, 0, 'Tigara', '', 'bought', 1, 1, 0, 283, -121, 60, 0, 155, 0, 0, 0, 10, 3, 0, ''),
(4, 1, 2, 1, 0, 'Tinashi', '', 'bought', 0, 1, 0, 189, -17, 20, 0, 165, 0, 0, 0, 10, 3, 0, ''),
(6, 1, 1, 0, 0, 'Flight', 'Phoenix-Phi', 'deployed', 0, 7, 0, 283, -121, 60, 0, 360, 0, 0, 0, 10, 3, 0, ''),
(7, 2, 1, 1, 0, 'Squadron', 'Police', 'bought', 0, 1, 0, -659, -115, 0, 0, 185, 0, 0, NULL, 1, -1, 0, ''),
(8, 2, 1, 1, 0, 'Hyperion', '', 'bought', 1, 1, 0, -671, 235, 0, 0, 155, 0, 0, NULL, 1, -1, 0, ''),
(9, 2, 1, 1, 0, 'Olympus', '', 'bought', 0, 1, 0, -646, 438, 0, 0, 165, 0, 0, NULL, 1, -1, 0, ''),
(10, 2, 2, 1, 0, 'Tinashi', '', 'bought', 0, 1, 0, 633, -165, 0, 0, 165, 0, 0, NULL, 1, -1, 0, ''),
(11, 2, 2, 1, 0, 'Tinashi', '', 'bought', 1, 1, 0, 721, -73, 0, 0, 165, 0, 0, NULL, 1, -1, 0, ''),
(12, 2, 2, 1, 0, 'Squadron', '', 'bought', 0, 1, 0, 664, 575, 0, 0, 175, 0, 0, NULL, 1, -1, 0, ''),
(13, 3, 1, 1, 0, 'Olympus', '', 'bought', 1, 1, 0, -712, -72, 0, 0, 165, 0, 0, NULL, 1, -1, 0, ''),
(14, 3, 2, 1, 0, 'Omega', '', 'bought', 1, 1, 0, 614, -92, 0, 0, 140, 0, 0, NULL, 1, -1, 0, ''),
(35, 4, 1, 1, 0, 'Saggitarius', 'sdfg', 'bought', 1, 1, 0, 0, 0, 0, 0, 0, 0, 0, 0, 0, 0, 0, ''),
(36, 4, 1, 1, 0, 'Squadron', '', 'bought', 0, 1, 0, 0, 0, 0, 0, 0, 0, 0, 0, 0, 0, 0, ''),
(37, 4, 1, 1, 0, 'Squadron', 'ssgdsdf', 'bought', 0, 1, 0, 0, 0, 0, 0, 0, 0, 0, 0, 0, 0, 0, ''),
(38, 4, 2, 1, 0, 'Centurion', '', 'bought', 0, 1, 0, 0, 0, 0, 0, 0, 0, 0, 0, 0, 0, 0, ''),
(39, 4, 2, 1, 0, 'Centurion', 'asdfasd', 'bought', 1, 1, 0, 0, 0, 0, 0, 0, 0, 0, 0, 0, 0, 0, ''),
(40, 5, 1, 1, 0, 'Omega', '', 'bought', 1, 1, 0, 0, 0, 0, 0, 0, 0, 0, 0, 0, 0, 0, ''),
(41, 6, 1, 1, 0, 'Omega', '', 'bought', 1, 1, 0, 0, 0, 0, 0, 0, 0, 0, 0, 0, 0, 0, ''),
(42, 7, 1, 1, 0, 'Tinashi', '', 'bought', 1, 1, 0, 0, 0, 0, 0, 0, 0, 0, 0, 0, 0, 0, ''),
(43, 8, 1, 1, 0, 'Centurion', '', 'bought', 1, 1, 0, 0, 0, 0, 0, 0, 0, 0, 0, 0, 0, 0, ''),
(44, 9, 1, 1, 0, 'Centurion', '', 'bought', 1, 1, 0, 0, 0, 0, 0, 0, 0, 0, 0, 0, 0, 0, ''),
(45, 10, 1, 1, 0, 'Hyperion', '', 'bought', 1, 1, 0, 0, 0, 0, 0, 0, 0, 0, 0, 0, 0, 0, ''),
(46, 11, 1, 1, 0, 'Centurion', '', 'bought', 1, 1, 0, 0, 0, 0, 0, 0, 0, 0, 0, 0, 0, 0, ''),
(47, 12, 1, 1, 0, 'Hyperion', '', 'bought', 0, 1, 0, 0, 0, 0, 0, 0, 0, 0, 0, 0, 0, 0, ''),
(48, 12, 1, 1, 0, 'Omega', '', 'bought', 1, 1, 0, 0, 0, 0, 0, 0, 0, 0, 0, 0, 0, 0, '');

-- --------------------------------------------------------

--
-- Tabellenstruktur für Tabelle `users`
--

CREATE TABLE `users` (
  `id` int(3) NOT NULL,
  `username` varchar(255) DEFAULT NULL,
  `password` varchar(255) DEFAULT NULL,
  `access` int(3) DEFAULT NULL
) ENGINE=InnoDB DEFAULT CHARSET=latin1;

--
-- Daten für Tabelle `users`
--

INSERT INTO `users` (`id`, `username`, `password`, `access`) VALUES
(1, 'Chris', '1', 0),
(2, '1', '1', 0);

--
-- Indizes der exportierten Tabellen
--

--
-- Indizes für die Tabelle `actions`
--
ALTER TABLE `actions`
  ADD PRIMARY KEY (`id`);

--
-- Indizes für die Tabelle `chat`
--
ALTER TABLE `chat`
  ADD PRIMARY KEY (`id`);

--
-- Indizes für die Tabelle `damages`
--
ALTER TABLE `damages`
  ADD PRIMARY KEY (`id`);

--
-- Indizes für die Tabelle `deploys`
--
ALTER TABLE `deploys`
  ADD PRIMARY KEY (`id`);

--
-- Indizes für die Tabelle `dogfights`
--
ALTER TABLE `dogfights`
  ADD PRIMARY KEY (`id`);

--
-- Indizes für die Tabelle `fireorders`
--
ALTER TABLE `fireorders`
  ADD PRIMARY KEY (`id`);

--
-- Indizes für die Tabelle `games`
--
ALTER TABLE `games`
  ADD PRIMARY KEY (`id`);

--
-- Indizes für die Tabelle `loads`
--
ALTER TABLE `loads`
  ADD PRIMARY KEY (`id`);

--
-- Indizes für die Tabelle `missions`
--
ALTER TABLE `missions`
  ADD PRIMARY KEY (`id`);

--
-- Indizes für die Tabelle `playerstatus`
--
ALTER TABLE `playerstatus`
  ADD PRIMARY KEY (`id`);

--
-- Indizes für die Tabelle `powers`
--
ALTER TABLE `powers`
  ADD PRIMARY KEY (`id`);

--
-- Indizes für die Tabelle `reinforcements`
--
ALTER TABLE `reinforcements`
  ADD PRIMARY KEY (`id`);

--
-- Indizes für die Tabelle `sensors`
--
ALTER TABLE `sensors`
  ADD PRIMARY KEY (`id`);

--
-- Indizes für die Tabelle `subunits`
--
ALTER TABLE `subunits`
  ADD PRIMARY KEY (`id`);

--
-- Indizes für die Tabelle `systemcrits`
--
ALTER TABLE `systemcrits`
  ADD PRIMARY KEY (`id`);

--
-- Indizes für die Tabelle `units`
--
ALTER TABLE `units`
  ADD PRIMARY KEY (`id`);

--
-- Indizes für die Tabelle `users`
--
ALTER TABLE `users`
  ADD PRIMARY KEY (`id`);

--
-- AUTO_INCREMENT für exportierte Tabellen
--

--
-- AUTO_INCREMENT für Tabelle `actions`
--
ALTER TABLE `actions`
  MODIFY `id` int(3) NOT NULL AUTO_INCREMENT, AUTO_INCREMENT=127;
--
-- AUTO_INCREMENT für Tabelle `chat`
--
ALTER TABLE `chat`
  MODIFY `id` int(5) NOT NULL AUTO_INCREMENT;
--
-- AUTO_INCREMENT für Tabelle `damages`
--
ALTER TABLE `damages`
  MODIFY `id` int(5) NOT NULL AUTO_INCREMENT, AUTO_INCREMENT=92;
--
-- AUTO_INCREMENT für Tabelle `deploys`
--
ALTER TABLE `deploys`
  MODIFY `id` int(4) NOT NULL AUTO_INCREMENT;
--
-- AUTO_INCREMENT für Tabelle `dogfights`
--
ALTER TABLE `dogfights`
  MODIFY `id` int(4) NOT NULL AUTO_INCREMENT;
--
-- AUTO_INCREMENT für Tabelle `fireorders`
--
ALTER TABLE `fireorders`
  MODIFY `id` int(5) NOT NULL AUTO_INCREMENT, AUTO_INCREMENT=90;
--
-- AUTO_INCREMENT für Tabelle `games`
--
ALTER TABLE `games`
  MODIFY `id` int(3) NOT NULL AUTO_INCREMENT, AUTO_INCREMENT=2;
--
-- AUTO_INCREMENT für Tabelle `loads`
--
ALTER TABLE `loads`
  MODIFY `id` int(4) NOT NULL AUTO_INCREMENT, AUTO_INCREMENT=12;
--
-- AUTO_INCREMENT für Tabelle `missions`
--
ALTER TABLE `missions`
  MODIFY `id` int(4) NOT NULL AUTO_INCREMENT, AUTO_INCREMENT=3;
--
-- AUTO_INCREMENT für Tabelle `playerstatus`
--
ALTER TABLE `playerstatus`
  MODIFY `id` int(3) NOT NULL AUTO_INCREMENT, AUTO_INCREMENT=17;
--
-- AUTO_INCREMENT für Tabelle `powers`
--
ALTER TABLE `powers`
  MODIFY `id` int(5) NOT NULL AUTO_INCREMENT, AUTO_INCREMENT=348;
--
-- AUTO_INCREMENT für Tabelle `reinforcements`
--
ALTER TABLE `reinforcements`
  MODIFY `id` int(3) NOT NULL AUTO_INCREMENT;
--
-- AUTO_INCREMENT für Tabelle `sensors`
--
ALTER TABLE `sensors`
  MODIFY `id` int(5) NOT NULL AUTO_INCREMENT, AUTO_INCREMENT=53;
--
-- AUTO_INCREMENT für Tabelle `subunits`
--
ALTER TABLE `subunits`
  MODIFY `id` int(4) NOT NULL AUTO_INCREMENT, AUTO_INCREMENT=30;
--
-- AUTO_INCREMENT für Tabelle `systemcrits`
--
ALTER TABLE `systemcrits`
  MODIFY `id` int(4) NOT NULL AUTO_INCREMENT, AUTO_INCREMENT=23;
--
-- AUTO_INCREMENT für Tabelle `units`
--
ALTER TABLE `units`
  MODIFY `id` int(3) NOT NULL AUTO_INCREMENT, AUTO_INCREMENT=49;
--
-- AUTO_INCREMENT für Tabelle `users`
--
ALTER TABLE `users`
  MODIFY `id` int(3) NOT NULL AUTO_INCREMENT, AUTO_INCREMENT=3;
/*!40101 SET CHARACTER_SET_CLIENT=@OLD_CHARACTER_SET_CLIENT */;
/*!40101 SET CHARACTER_SET_RESULTS=@OLD_CHARACTER_SET_RESULTS */;
/*!40101 SET COLLATION_CONNECTION=@OLD_COLLATION_CONNECTION */;
