-- MySQL dump 10.16  Distrib 10.1.16-MariaDB, for Win32 (AMD64)
--
-- Host: localhost    Database: spacecombat
-- ------------------------------------------------------
-- Server version	10.1.16-MariaDB

/*!40101 SET @OLD_CHARACTER_SET_CLIENT=@@CHARACTER_SET_CLIENT */;
/*!40101 SET @OLD_CHARACTER_SET_RESULTS=@@CHARACTER_SET_RESULTS */;
/*!40101 SET @OLD_COLLATION_CONNECTION=@@COLLATION_CONNECTION */;
/*!40101 SET NAMES utf8 */;
/*!40103 SET @OLD_TIME_ZONE=@@TIME_ZONE */;
/*!40103 SET TIME_ZONE='+00:00' */;
/*!40014 SET @OLD_UNIQUE_CHECKS=@@UNIQUE_CHECKS, UNIQUE_CHECKS=0 */;
/*!40014 SET @OLD_FOREIGN_KEY_CHECKS=@@FOREIGN_KEY_CHECKS, FOREIGN_KEY_CHECKS=0 */;
/*!40101 SET @OLD_SQL_MODE=@@SQL_MODE, SQL_MODE='NO_AUTO_VALUE_ON_ZERO' */;
/*!40111 SET @OLD_SQL_NOTES=@@SQL_NOTES, SQL_NOTES=0 */;

--
-- Table structure for table `actions`
--

DROP TABLE IF EXISTS `actions`;
/*!40101 SET @saved_cs_client     = @@character_set_client */;
/*!40101 SET character_set_client = utf8 */;
CREATE TABLE `actions` (
  `id` int(3) NOT NULL AUTO_INCREMENT,
  `unitid` int(3) DEFAULT NULL,
  `turn` int(3) DEFAULT NULL,
  `type` varchar(255) DEFAULT NULL,
  `forced` tinyint(4) NOT NULL DEFAULT '0',
  `dist` int(4) DEFAULT NULL,
  `x` int(4) DEFAULT NULL,
  `y` int(4) DEFAULT NULL,
  `h` decimal(5,2) NOT NULL DEFAULT '0.00',
  `f` decimal(5,2) NOT NULL DEFAULT '0.00',
  `cost` int(4) DEFAULT NULL,
  `delay` int(4) DEFAULT NULL,
  `costmod` float DEFAULT NULL,
  `resolved` tinyint(1) DEFAULT NULL,
  PRIMARY KEY (`id`)
) ENGINE=InnoDB AUTO_INCREMENT=31 DEFAULT CHARSET=latin1;
/*!40101 SET character_set_client = @saved_cs_client */;

--
-- Dumping data for table `actions`
--

LOCK TABLES `actions` WRITE;
/*!40000 ALTER TABLE `actions` DISABLE KEYS */;
INSERT INTO `actions` VALUES (1,1,1,'deploy',0,0,-547,308,-6.07,-6.07,0,0,1,1),(2,4,1,'deploy',0,0,-487,-266,0.00,0.00,0,0,1,1),(3,2,1,'deploy',0,0,-548,-94,0.00,0.00,0,0,1,1),(4,3,1,'deploy',0,0,-429,524,0.00,0.00,0,0,1,1),(5,7,1,'deploy',0,0,427,625,180.00,180.00,0,0,1,1),(6,6,1,'deploy',0,0,432,484,180.00,180.00,0,0,1,1),(7,5,1,'deploy',0,0,643,7,180.00,180.00,0,0,1,1),(8,8,1,'deploy',0,0,531,223,180.00,180.00,0,0,1,1),(9,1,1,'jumpIn',0,56,-500,337,17.00,17.00,0,0,0,1),(10,4,1,'jumpIn',0,70,-549,-297,-6.00,-6.00,0,0,0,1),(11,3,1,'jumpIn',0,55,-444,472,27.00,27.00,0,0,0,1),(12,2,1,'jumpIn',0,91,-625,-47,9.00,9.00,0,0,0,1),(13,7,1,'jumpIn',0,15,440,619,-25.00,-25.00,0,0,0,1),(14,6,1,'jumpIn',0,80,460,558,-22.00,-22.00,0,0,0,1),(15,5,1,'jumpIn',0,123,741,80,-14.00,-14.00,0,0,0,1),(16,8,1,'jumpIn',0,109,623,280,-3.00,-3.00,0,0,0,1),(17,1,1,'turn',0,0,-500,337,-13.00,-13.00,13,41,1,0),(18,1,1,'move',0,155,-350,377,0.00,0.00,0,0,1,0),(19,4,1,'speed',0,1,-549,-297,0.00,0.00,30,0,1,0),(20,4,1,'speed',0,1,-549,-297,0.00,0.00,30,0,1,0),(21,4,1,'turn',0,0,-549,-297,15.65,15.65,20,56,1,0),(22,4,1,'move',0,193,-356,-285,0.00,0.00,0,0,1,0),(23,2,1,'speed',0,1,-625,-47,0.00,0.00,30,0,1,0),(24,2,1,'turn',0,0,-625,-47,-30.00,-30.00,34,96,1,0),(25,2,1,'move',0,174,-455,-83,0.00,0.00,0,0,1,0),(26,3,1,'turn',0,0,-444,472,-45.00,-45.00,45,59,1,0),(27,3,1,'move',0,59,-386,481,0.00,0.00,0,0,1,0),(28,3,1,'turn',0,0,-386,481,-45.00,-45.00,45,59,1,0),(29,3,1,'move',0,126,-284,407,0.00,0.00,0,0,1,0),(30,3,1,'turn',0,0,-284,407,20.00,20.00,20,26,1,0);
/*!40000 ALTER TABLE `actions` ENABLE KEYS */;
UNLOCK TABLES;

--
-- Table structure for table `chat`
--

DROP TABLE IF EXISTS `chat`;
/*!40101 SET @saved_cs_client     = @@character_set_client */;
/*!40101 SET character_set_client = utf8 */;
CREATE TABLE `chat` (
  `id` int(5) NOT NULL AUTO_INCREMENT,
  `username` varchar(30) DEFAULT NULL,
  `userid` int(3) DEFAULT NULL,
  `msg` varchar(255) DEFAULT NULL,
  `time` int(10) DEFAULT NULL,
  PRIMARY KEY (`id`)
) ENGINE=InnoDB DEFAULT CHARSET=latin1;
/*!40101 SET character_set_client = @saved_cs_client */;

--
-- Dumping data for table `chat`
--

LOCK TABLES `chat` WRITE;
/*!40000 ALTER TABLE `chat` DISABLE KEYS */;
/*!40000 ALTER TABLE `chat` ENABLE KEYS */;
UNLOCK TABLES;

--
-- Table structure for table `damages`
--

DROP TABLE IF EXISTS `damages`;
/*!40101 SET @saved_cs_client     = @@character_set_client */;
/*!40101 SET character_set_client = utf8 */;
CREATE TABLE `damages` (
  `id` int(5) NOT NULL AUTO_INCREMENT,
  `fireid` int(5) DEFAULT NULL,
  `gameid` int(5) DEFAULT NULL,
  `unitid` int(5) DEFAULT NULL,
  `structureid` int(5) DEFAULT NULL,
  `systemid` int(3) DEFAULT NULL,
  `turn` int(3) DEFAULT NULL,
  `roll` int(3) DEFAULT NULL,
  `type` varchar(20) DEFAULT NULL,
  `totalDmg` int(5) DEFAULT NULL,
  `shieldDmg` int(5) DEFAULT NULL,
  `armourDmg` int(3) DEFAULT NULL,
  `systemDmg` int(5) NOT NULL DEFAULT '0',
  `hullDmg` int(5) NOT NULL DEFAULT '0',
  `emDmg` int(3) DEFAULT '0',
  `negation` int(4) DEFAULT NULL,
  `destroyed` tinyint(1) DEFAULT NULL,
  `notes` varchar(255) DEFAULT NULL,
  `new` tinyint(1) DEFAULT NULL,
  PRIMARY KEY (`id`)
) ENGINE=InnoDB DEFAULT CHARSET=latin1;
/*!40101 SET character_set_client = @saved_cs_client */;

--
-- Dumping data for table `damages`
--

LOCK TABLES `damages` WRITE;
/*!40000 ALTER TABLE `damages` DISABLE KEYS */;
/*!40000 ALTER TABLE `damages` ENABLE KEYS */;
UNLOCK TABLES;

--
-- Table structure for table `fireorders`
--

DROP TABLE IF EXISTS `fireorders`;
/*!40101 SET @saved_cs_client     = @@character_set_client */;
/*!40101 SET character_set_client = utf8 */;
CREATE TABLE `fireorders` (
  `id` int(5) NOT NULL AUTO_INCREMENT,
  `gameid` int(3) DEFAULT '0',
  `turn` int(3) DEFAULT '0',
  `shooterid` int(5) DEFAULT '0',
  `targetid` int(5) DEFAULT '0',
  `x` int(3) DEFAULT '0',
  `y` int(3) DEFAULT '0',
  `weaponid` int(5) DEFAULT '0',
  `shots` int(3) NOT NULL DEFAULT '0',
  `req` int(3) NOT NULL DEFAULT '0',
  `notes` varchar(255) NOT NULL DEFAULT '',
  `hits` int(3) NOT NULL DEFAULT '0',
  `resolved` tinyint(1) NOT NULL DEFAULT '0',
  PRIMARY KEY (`id`)
) ENGINE=InnoDB DEFAULT CHARSET=latin1;
/*!40101 SET character_set_client = @saved_cs_client */;

--
-- Dumping data for table `fireorders`
--

LOCK TABLES `fireorders` WRITE;
/*!40000 ALTER TABLE `fireorders` DISABLE KEYS */;
/*!40000 ALTER TABLE `fireorders` ENABLE KEYS */;
UNLOCK TABLES;

--
-- Table structure for table `games`
--

DROP TABLE IF EXISTS `games`;
/*!40101 SET @saved_cs_client     = @@character_set_client */;
/*!40101 SET character_set_client = utf8 */;
CREATE TABLE `games` (
  `id` int(3) NOT NULL AUTO_INCREMENT,
  `name` varchar(255) DEFAULT NULL,
  `status` varchar(255) DEFAULT NULL,
  `turn` int(3) DEFAULT NULL,
  `phase` int(3) DEFAULT NULL,
  `pv` int(5) DEFAULT NULL,
  `reinforce` int(5) DEFAULT NULL,
  `reinforceTurn` int(2) DEFAULT '11',
  `reinforceETA` int(2) DEFAULT '3',
  `reinforceAmount` int(2) NOT NULL DEFAULT '10',
  `focusMod` int(3) DEFAULT '100',
  `obstaclesAmount` int(3) NOT NULL DEFAULT '0',
  `obstaclesSizeMin` int(3) NOT NULL DEFAULT '0',
  `obstaclesSizeMax` int(3) NOT NULL DEFAULT '0',
  PRIMARY KEY (`id`)
) ENGINE=InnoDB AUTO_INCREMENT=2 DEFAULT CHARSET=latin1;
/*!40101 SET character_set_client = @saved_cs_client */;

--
-- Dumping data for table `games`
--

LOCK TABLES `games` WRITE;
/*!40000 ALTER TABLE `games` DISABLE KEYS */;
INSERT INTO `games` VALUES (1,'myGame','active',1,0,3500,1500,11,3,10,10,3,75,175);
/*!40000 ALTER TABLE `games` ENABLE KEYS */;
UNLOCK TABLES;

--
-- Table structure for table `globals`
--

DROP TABLE IF EXISTS `globals`;
/*!40101 SET @saved_cs_client     = @@character_set_client */;
/*!40101 SET character_set_client = utf8 */;
CREATE TABLE `globals` (
  `id` int(4) NOT NULL AUTO_INCREMENT,
  `playerstatusid` int(4) DEFAULT '0',
  `unitid` int(3) NOT NULL DEFAULT '0',
  `turn` int(4) DEFAULT '0',
  `type` varchar(20) DEFAULT '',
  `scope` int(11) NOT NULL DEFAULT '0',
  `value` decimal(5,2) DEFAULT '0.00',
  `notes` varchar(20) NOT NULL DEFAULT '',
  `text` varchar(50) NOT NULL DEFAULT '',
  PRIMARY KEY (`id`)
) ENGINE=InnoDB AUTO_INCREMENT=3 DEFAULT CHARSET=latin1;
/*!40101 SET character_set_client = @saved_cs_client */;

--
-- Dumping data for table `globals`
--

LOCK TABLES `globals` WRITE;
/*!40000 ALTER TABLE `globals` DISABLE KEYS */;
INSERT INTO `globals` VALUES (1,1,0,0,'Morale',0,115.00,'',''),(2,2,0,0,'Morale',0,100.00,'','');
/*!40000 ALTER TABLE `globals` ENABLE KEYS */;
UNLOCK TABLES;

--
-- Table structure for table `loads`
--

DROP TABLE IF EXISTS `loads`;
/*!40101 SET @saved_cs_client     = @@character_set_client */;
/*!40101 SET character_set_client = utf8 */;
CREATE TABLE `loads` (
  `id` int(4) NOT NULL AUTO_INCREMENT,
  `unitid` int(5) DEFAULT NULL,
  `systemid` int(3) DEFAULT NULL,
  `name` varchar(20) DEFAULT NULL,
  `amount` int(3) DEFAULT NULL,
  PRIMARY KEY (`id`)
) ENGINE=InnoDB AUTO_INCREMENT=13 DEFAULT CHARSET=latin1;
/*!40101 SET character_set_client = @saved_cs_client */;

--
-- Dumping data for table `loads`
--

LOCK TABLES `loads` WRITE;
/*!40000 ALTER TABLE `loads` DISABLE KEYS */;
INSERT INTO `loads` VALUES (1,1,2,'Command',1),(2,1,2,'Engine',1),(3,1,2,'Sensor',1),(4,1,17,'Gorith',12),(5,2,7,'Vranoth',12),(6,2,9,'Vranoth',12),(7,4,7,'Vranoth',12),(8,4,9,'Vranoth',12),(9,5,13,'Zorth',12),(10,5,13,'Tzymm',6),(11,5,21,'Zorth',12),(12,5,21,'Tzymm',6);
/*!40000 ALTER TABLE `loads` ENABLE KEYS */;
UNLOCK TABLES;

--
-- Table structure for table `missions`
--

DROP TABLE IF EXISTS `missions`;
/*!40101 SET @saved_cs_client     = @@character_set_client */;
/*!40101 SET character_set_client = utf8 */;
CREATE TABLE `missions` (
  `id` int(4) NOT NULL AUTO_INCREMENT,
  `unitid` int(4) NOT NULL DEFAULT '0',
  `type` varchar(20) NOT NULL DEFAULT '1',
  `turn` int(1) NOT NULL DEFAULT '0',
  `phase` int(1) DEFAULT '0',
  `targetid` int(4) NOT NULL DEFAULT '0',
  `x` int(4) NOT NULL DEFAULT '0',
  `y` int(4) NOT NULL DEFAULT '0',
  `arrived` tinyint(1) NOT NULL DEFAULT '0',
  PRIMARY KEY (`id`)
) ENGINE=InnoDB DEFAULT CHARSET=latin1;
/*!40101 SET character_set_client = @saved_cs_client */;

--
-- Dumping data for table `missions`
--

LOCK TABLES `missions` WRITE;
/*!40000 ALTER TABLE `missions` DISABLE KEYS */;
/*!40000 ALTER TABLE `missions` ENABLE KEYS */;
UNLOCK TABLES;

--
-- Table structure for table `playerstatus`
--

DROP TABLE IF EXISTS `playerstatus`;
/*!40101 SET @saved_cs_client     = @@character_set_client */;
/*!40101 SET character_set_client = utf8 */;
CREATE TABLE `playerstatus` (
  `id` int(3) NOT NULL AUTO_INCREMENT,
  `userid` int(3) DEFAULT NULL,
  `gameid` int(3) DEFAULT NULL,
  `turn` int(3) DEFAULT NULL,
  `phase` int(3) DEFAULT NULL,
  `faction` varchar(20) DEFAULT NULL,
  `morale` int(4) NOT NULL DEFAULT '0',
  `value` int(5) DEFAULT NULL,
  `maxFocus` int(4) DEFAULT '0',
  `gainFocus` int(4) DEFAULT '0',
  `curFocus` int(4) DEFAULT '0',
  `status` varchar(255) DEFAULT NULL,
  PRIMARY KEY (`id`)
) ENGINE=InnoDB AUTO_INCREMENT=3 DEFAULT CHARSET=latin1;
/*!40101 SET character_set_client = @saved_cs_client */;

--
-- Dumping data for table `playerstatus`
--

LOCK TABLES `playerstatus` WRITE;
/*!40000 ALTER TABLE `playerstatus` DISABLE KEYS */;
INSERT INTO `playerstatus` VALUES (1,1,1,1,0,'Narn Regime',3210,1510,1616,404,404,'ready'),(2,2,1,1,0,'Vree Conglomerate',2630,1554,1540,385,385,'waiting');
/*!40000 ALTER TABLE `playerstatus` ENABLE KEYS */;
UNLOCK TABLES;

--
-- Table structure for table `powers`
--

DROP TABLE IF EXISTS `powers`;
/*!40101 SET @saved_cs_client     = @@character_set_client */;
/*!40101 SET character_set_client = utf8 */;
CREATE TABLE `powers` (
  `id` int(5) NOT NULL AUTO_INCREMENT,
  `unitid` int(5) DEFAULT NULL,
  `systemid` int(5) DEFAULT NULL,
  `turn` int(2) DEFAULT NULL,
  `type` varchar(10) DEFAULT NULL,
  `cost` int(3) DEFAULT NULL,
  PRIMARY KEY (`id`)
) ENGINE=InnoDB AUTO_INCREMENT=9 DEFAULT CHARSET=latin1;
/*!40101 SET character_set_client = @saved_cs_client */;

--
-- Dumping data for table `powers`
--

LOCK TABLES `powers` WRITE;
/*!40000 ALTER TABLE `powers` DISABLE KEYS */;
INSERT INTO `powers` VALUES (1,1,7,1,'1',5),(2,1,9,1,'1',5),(3,1,13,1,'0',0),(4,1,14,1,'0',0),(5,1,16,1,'0',0),(6,1,18,1,'0',0),(7,1,22,1,'0',0),(8,1,23,1,'0',0);
/*!40000 ALTER TABLE `powers` ENABLE KEYS */;
UNLOCK TABLES;

--
-- Table structure for table `sensors`
--

DROP TABLE IF EXISTS `sensors`;
/*!40101 SET @saved_cs_client     = @@character_set_client */;
/*!40101 SET character_set_client = utf8 */;
CREATE TABLE `sensors` (
  `id` int(5) NOT NULL AUTO_INCREMENT,
  `unitid` int(5) DEFAULT NULL,
  `systemid` int(5) DEFAULT NULL,
  `turn` int(3) DEFAULT NULL,
  `angle` decimal(5,2) DEFAULT NULL,
  `dist` int(4) DEFAULT NULL,
  `type` int(3) DEFAULT '0',
  PRIMARY KEY (`id`)
) ENGINE=InnoDB AUTO_INCREMENT=9 DEFAULT CHARSET=latin1;
/*!40101 SET character_set_client = @saved_cs_client */;

--
-- Dumping data for table `sensors`
--

LOCK TABLES `sensors` WRITE;
/*!40000 ALTER TABLE `sensors` DISABLE KEYS */;
INSERT INTO `sensors` VALUES (1,1,4,1,0.63,928,0),(2,4,4,1,-1.00,110,0),(3,2,4,1,-1.00,110,0),(4,3,3,1,-1.00,73,0),(5,7,4,1,8.25,843,1),(6,6,4,1,7.80,861,1),(7,5,4,1,359.64,1106,1),(8,8,3,1,-1.00,66,0);
/*!40000 ALTER TABLE `sensors` ENABLE KEYS */;
UNLOCK TABLES;

--
-- Table structure for table `subunits`
--

DROP TABLE IF EXISTS `subunits`;
/*!40101 SET @saved_cs_client     = @@character_set_client */;
/*!40101 SET character_set_client = utf8 */;
CREATE TABLE `subunits` (
  `id` int(4) NOT NULL AUTO_INCREMENT,
  `unitid` int(4) DEFAULT NULL,
  `amount` int(2) DEFAULT NULL,
  `name` varchar(20) DEFAULT NULL,
  PRIMARY KEY (`id`)
) ENGINE=InnoDB AUTO_INCREMENT=5 DEFAULT CHARSET=latin1;
/*!40101 SET character_set_client = @saved_cs_client */;

--
-- Dumping data for table `subunits`
--

LOCK TABLES `subunits` WRITE;
/*!40000 ALTER TABLE `subunits` DISABLE KEYS */;
INSERT INTO `subunits` VALUES (1,3,1,'Thentus'),(2,3,1,'Thentus'),(3,8,1,'Xvell'),(4,8,1,'Xvell');
/*!40000 ALTER TABLE `subunits` ENABLE KEYS */;
UNLOCK TABLES;

--
-- Table structure for table `systemcrits`
--

DROP TABLE IF EXISTS `systemcrits`;
/*!40101 SET @saved_cs_client     = @@character_set_client */;
/*!40101 SET character_set_client = utf8 */;
CREATE TABLE `systemcrits` (
  `id` int(4) NOT NULL AUTO_INCREMENT,
  `unitid` int(4) DEFAULT NULL,
  `systemid` int(4) DEFAULT NULL,
  `turn` int(3) DEFAULT NULL,
  `type` varchar(255) DEFAULT NULL,
  `duration` int(3) DEFAULT NULL,
  `value` decimal(5,2) DEFAULT NULL,
  PRIMARY KEY (`id`)
) ENGINE=InnoDB DEFAULT CHARSET=latin1;
/*!40101 SET character_set_client = @saved_cs_client */;

--
-- Dumping data for table `systemcrits`
--

LOCK TABLES `systemcrits` WRITE;
/*!40000 ALTER TABLE `systemcrits` DISABLE KEYS */;
/*!40000 ALTER TABLE `systemcrits` ENABLE KEYS */;
UNLOCK TABLES;

--
-- Table structure for table `units`
--

DROP TABLE IF EXISTS `units`;
/*!40101 SET @saved_cs_client     = @@character_set_client */;
/*!40101 SET character_set_client = utf8 */;
CREATE TABLE `units` (
  `id` int(3) NOT NULL AUTO_INCREMENT,
  `gameid` int(3) DEFAULT '0',
  `userid` int(3) DEFAULT '0',
  `type` int(1) NOT NULL DEFAULT '0',
  `name` varchar(255) DEFAULT '',
  `callsign` varchar(40) NOT NULL DEFAULT '',
  `totalCost` int(4) NOT NULL DEFAULT '0',
  `moraleCost` int(4) NOT NULL DEFAULT '0',
  `status` varchar(255) DEFAULT '',
  `command` tinyint(4) DEFAULT '0',
  `available` int(3) DEFAULT '0',
  `withdraw` int(2) NOT NULL DEFAULT '0',
  `manual` tinyint(4) NOT NULL DEFAULT '0',
  `destroyed` tinyint(1) DEFAULT '0',
  `x` int(4) DEFAULT '0',
  `y` int(4) DEFAULT '0',
  `heading` decimal(5,2) NOT NULL DEFAULT '0.00',
  `facing` decimal(5,2) NOT NULL DEFAULT '0.00',
  `delay` int(4) NOT NULL DEFAULT '0',
  `thrust` int(3) DEFAULT '0',
  `rolling` int(2) DEFAULT '0',
  `rolled` int(2) DEFAULT '0',
  `flipped` int(2) DEFAULT '0',
  `turn` int(1) DEFAULT '0',
  `phase` int(1) DEFAULT '0',
  `focus` tinyint(4) DEFAULT '0',
  `notes` varchar(50) DEFAULT '',
  PRIMARY KEY (`id`)
) ENGINE=InnoDB AUTO_INCREMENT=15 DEFAULT CHARSET=latin1;
/*!40101 SET character_set_client = @saved_cs_client */;

--
-- Dumping data for table `units`
--

LOCK TABLES `units` WRITE;
/*!40000 ALTER TABLE `units` DISABLE KEYS */;
INSERT INTO `units` VALUES (1,1,1,4,'GQuan','',1336,1060,'bought',1,1,0,0,0,-500,337,17.00,17.00,0,155,0,0,0,1,-1,0,''),(2,1,1,4,'GSten','',752,750,'bought',0,1,0,0,0,-625,-47,9.00,9.00,0,155,0,0,0,1,-1,0,''),(3,1,1,3,'Squadron','',650,650,'bought',0,1,0,0,0,-444,472,27.00,27.00,0,185,0,0,0,1,-1,0,''),(4,1,1,4,'GSten','',752,750,'bought',0,1,0,0,0,-549,-297,-6.00,-6.00,0,155,0,0,0,1,-1,0,''),(5,1,2,4,'Zitomm','',1416,600,'bought',1,1,0,0,0,741,80,-14.00,-14.00,0,155,0,0,0,1,-1,0,''),(6,1,2,4,'Xill','',775,775,'bought',0,1,0,0,0,460,558,-22.00,-22.00,0,155,0,0,0,1,-1,0,''),(7,1,2,4,'Xill','',775,775,'bought',0,1,0,0,0,440,619,-25.00,-25.00,0,155,0,0,0,1,-1,0,''),(8,1,2,3,'Squadron','',480,480,'bought',0,1,0,0,0,623,280,-3.00,-3.00,0,185,0,0,0,1,-1,0,''),(9,1,0,0,'Obstacle','',36,47,'deployed',0,0,0,0,0,80,356,0.00,0.00,106,0,14,4,0,0,3,0,''),(10,1,0,0,'Obstacle','',64,83,'deployed',0,0,0,0,0,-218,-141,0.00,0.00,134,0,21,8,0,0,3,0,''),(11,1,0,0,'Obstacle','',24,31,'deployed',0,0,0,0,0,-116,431,0.00,0.00,88,0,28,3,0,0,3,0,''),(12,1,0,0,'Obstacle','',9,12,'deployed',0,0,0,0,0,-382,371,0.00,0.00,105,0,15,1,0,0,3,0,''),(13,1,0,0,'Obstacle','',9,12,'deployed',0,0,0,0,0,-443,-33,0.00,0.00,76,0,13,1,0,0,3,0,''),(14,1,0,0,'Obstacle','',20,26,'deployed',0,0,0,0,0,-299,-379,0.00,0.00,171,0,11,2,0,0,3,0,'');
/*!40000 ALTER TABLE `units` ENABLE KEYS */;
UNLOCK TABLES;

--
-- Table structure for table `users`
--

DROP TABLE IF EXISTS `users`;
/*!40101 SET @saved_cs_client     = @@character_set_client */;
/*!40101 SET character_set_client = utf8 */;
CREATE TABLE `users` (
  `id` int(3) NOT NULL AUTO_INCREMENT,
  `username` varchar(255) DEFAULT NULL,
  `password` varchar(255) DEFAULT NULL,
  `access` int(3) DEFAULT NULL,
  PRIMARY KEY (`id`)
) ENGINE=InnoDB AUTO_INCREMENT=3 DEFAULT CHARSET=latin1;
/*!40101 SET character_set_client = @saved_cs_client */;

--
-- Dumping data for table `users`
--

LOCK TABLES `users` WRITE;
/*!40000 ALTER TABLE `users` DISABLE KEYS */;
INSERT INTO `users` VALUES (1,'Chris','1',0),(2,'1','1',0);
/*!40000 ALTER TABLE `users` ENABLE KEYS */;
UNLOCK TABLES;
/*!40103 SET TIME_ZONE=@OLD_TIME_ZONE */;

/*!40101 SET SQL_MODE=@OLD_SQL_MODE */;
/*!40014 SET FOREIGN_KEY_CHECKS=@OLD_FOREIGN_KEY_CHECKS */;
/*!40014 SET UNIQUE_CHECKS=@OLD_UNIQUE_CHECKS */;
/*!40101 SET CHARACTER_SET_CLIENT=@OLD_CHARACTER_SET_CLIENT */;
/*!40101 SET CHARACTER_SET_RESULTS=@OLD_CHARACTER_SET_RESULTS */;
/*!40101 SET COLLATION_CONNECTION=@OLD_COLLATION_CONNECTION */;
/*!40111 SET SQL_NOTES=@OLD_SQL_NOTES */;

-- Dump completed on 2019-01-07 16:01:40
