-- MySQL dump 10.16  Distrib 10.1.16-MariaDB, for Win32 (AMD64)
--
-- Host: localhost    Database: spacecombat
-- ------------------------------------------------------
-- Server version	10.1.16-MariaDB

/*!40101 SET @OLD_CHARACTER_SET_CLIENT=@@CHARACTER_SET_CLIENT */;
/*!40101 SET @OLD_CHARACTER_SET_RESULTS=@@CHARACTER_SET_RESULTS */;
/*!40101 SET @OLD_COLLATION_CONNECTION=@@COLLATION_CONNECTION */;
/*!40101 SET NAMES utf8 */;
/*!40103 SET @OLD_TIME_ZONE=@@TIME_ZONE */;
/*!40103 SET TIME_ZONE='+00:00' */;
/*!40014 SET @OLD_UNIQUE_CHECKS=@@UNIQUE_CHECKS, UNIQUE_CHECKS=0 */;
/*!40014 SET @OLD_FOREIGN_KEY_CHECKS=@@FOREIGN_KEY_CHECKS, FOREIGN_KEY_CHECKS=0 */;
/*!40101 SET @OLD_SQL_MODE=@@SQL_MODE, SQL_MODE='NO_AUTO_VALUE_ON_ZERO' */;
/*!40111 SET @OLD_SQL_NOTES=@@SQL_NOTES, SQL_NOTES=0 */;

--
-- Table structure for table `actions`
--

DROP TABLE IF EXISTS `actions`;
/*!40101 SET @saved_cs_client     = @@character_set_client */;
/*!40101 SET character_set_client = utf8 */;
CREATE TABLE `actions` (
  `id` int(3) NOT NULL AUTO_INCREMENT,
  `shipid` int(3) DEFAULT NULL,
  `turn` int(3) DEFAULT NULL,
  `type` varchar(255) DEFAULT NULL,
  `forced` tinyint(4) NOT NULL DEFAULT '0',
  `dist` int(4) DEFAULT NULL,
  `x` int(4) DEFAULT NULL,
  `y` int(4) DEFAULT NULL,
  `a` decimal(5,2) NOT NULL DEFAULT '0.00',
  `cost` int(4) DEFAULT NULL,
  `delay` int(4) DEFAULT NULL,
  `costmod` float DEFAULT NULL,
  `resolved` tinyint(1) DEFAULT NULL,
  PRIMARY KEY (`id`)
) ENGINE=InnoDB AUTO_INCREMENT=8 DEFAULT CHARSET=latin1;
/*!40101 SET character_set_client = @saved_cs_client */;

--
-- Dumping data for table `actions`
--

LOCK TABLES `actions` WRITE;
/*!40000 ALTER TABLE `actions` DISABLE KEYS */;
INSERT INTO `actions` VALUES (1,13,1,'deploy',0,0,-521,-223,0.00,0,0,1,1),(2,14,1,'deploy',0,0,465,350,230.23,0,0,1,1),(3,13,1,'jumpIn',0,0,-521,-223,0.00,0,0,0,1),(4,14,1,'jumpIn',0,0,465,350,0.00,0,0,0,1),(5,14,1,'turn',0,0,465,350,30.00,30,86,1,0),(6,14,1,'move',0,155,439,197,0.00,0,0,1,0),(7,14,1,'turn',0,0,439,197,-30.00,40,58,1,0);
/*!40000 ALTER TABLE `actions` ENABLE KEYS */;
UNLOCK TABLES;

--
-- Table structure for table `chat`
--

DROP TABLE IF EXISTS `chat`;
/*!40101 SET @saved_cs_client     = @@character_set_client */;
/*!40101 SET character_set_client = utf8 */;
CREATE TABLE `chat` (
  `id` int(5) NOT NULL AUTO_INCREMENT,
  `username` varchar(30) DEFAULT NULL,
  `userid` int(3) DEFAULT NULL,
  `msg` varchar(255) DEFAULT NULL,
  `time` int(10) DEFAULT NULL,
  PRIMARY KEY (`id`)
) ENGINE=InnoDB DEFAULT CHARSET=latin1;
/*!40101 SET character_set_client = @saved_cs_client */;

--
-- Dumping data for table `chat`
--

LOCK TABLES `chat` WRITE;
/*!40000 ALTER TABLE `chat` DISABLE KEYS */;
/*!40000 ALTER TABLE `chat` ENABLE KEYS */;
UNLOCK TABLES;

--
-- Table structure for table `damages`
--

DROP TABLE IF EXISTS `damages`;
/*!40101 SET @saved_cs_client     = @@character_set_client */;
/*!40101 SET character_set_client = utf8 */;
CREATE TABLE `damages` (
  `id` int(5) NOT NULL AUTO_INCREMENT,
  `fireid` int(5) DEFAULT NULL,
  `gameid` int(5) DEFAULT NULL,
  `shipid` int(5) DEFAULT NULL,
  `structureid` int(5) DEFAULT NULL,
  `systemid` int(3) DEFAULT NULL,
  `turn` int(3) DEFAULT NULL,
  `roll` int(3) DEFAULT NULL,
  `type` varchar(20) DEFAULT NULL,
  `totalDmg` int(5) DEFAULT NULL,
  `shieldDmg` int(5) DEFAULT NULL,
  `armourDmg` int(3) DEFAULT NULL,
  `systemDmg` int(5) NOT NULL DEFAULT '0',
  `hullDmg` int(5) NOT NULL DEFAULT '0',
  `emDmg` int(3) DEFAULT '0',
  `negation` int(4) DEFAULT NULL,
  `destroyed` tinyint(1) DEFAULT NULL,
  `notes` varchar(255) DEFAULT NULL,
  `new` tinyint(1) DEFAULT NULL,
  PRIMARY KEY (`id`)
) ENGINE=InnoDB DEFAULT CHARSET=latin1;
/*!40101 SET character_set_client = @saved_cs_client */;

--
-- Dumping data for table `damages`
--

LOCK TABLES `damages` WRITE;
/*!40000 ALTER TABLE `damages` DISABLE KEYS */;
/*!40000 ALTER TABLE `damages` ENABLE KEYS */;
UNLOCK TABLES;

--
-- Table structure for table `fireorders`
--

DROP TABLE IF EXISTS `fireorders`;
/*!40101 SET @saved_cs_client     = @@character_set_client */;
/*!40101 SET character_set_client = utf8 */;
CREATE TABLE `fireorders` (
  `id` int(5) NOT NULL AUTO_INCREMENT,
  `gameid` int(3) DEFAULT '0',
  `turn` int(3) DEFAULT '0',
  `shooterid` int(5) DEFAULT '0',
  `targetid` int(5) DEFAULT '0',
  `x` int(3) DEFAULT '0',
  `y` int(3) DEFAULT '0',
  `weaponid` int(5) DEFAULT '0',
  `shots` int(3) NOT NULL DEFAULT '0',
  `req` int(3) NOT NULL DEFAULT '0',
  `notes` varchar(255) NOT NULL DEFAULT '',
  `hits` int(3) NOT NULL DEFAULT '0',
  `resolved` tinyint(1) NOT NULL DEFAULT '0',
  PRIMARY KEY (`id`)
) ENGINE=InnoDB DEFAULT CHARSET=latin1;
/*!40101 SET character_set_client = @saved_cs_client */;

--
-- Dumping data for table `fireorders`
--

LOCK TABLES `fireorders` WRITE;
/*!40000 ALTER TABLE `fireorders` DISABLE KEYS */;
/*!40000 ALTER TABLE `fireorders` ENABLE KEYS */;
UNLOCK TABLES;

--
-- Table structure for table `games`
--

DROP TABLE IF EXISTS `games`;
/*!40101 SET @saved_cs_client     = @@character_set_client */;
/*!40101 SET character_set_client = utf8 */;
CREATE TABLE `games` (
  `id` int(3) NOT NULL AUTO_INCREMENT,
  `name` varchar(255) DEFAULT NULL,
  `status` varchar(255) DEFAULT NULL,
  `turn` int(3) DEFAULT NULL,
  `phase` int(3) DEFAULT NULL,
  `pv` int(5) DEFAULT NULL,
  `reinforce` int(5) DEFAULT NULL,
  `reinforceTurn` int(2) DEFAULT '11',
  `reinforceETA` int(2) DEFAULT '3',
  `reinforceAmount` int(2) NOT NULL DEFAULT '10',
  `focusMod` int(3) DEFAULT '100',
  `ObstaclesAmount` int(3) NOT NULL DEFAULT '0',
  `obstaclesSizeMin` int(3) NOT NULL DEFAULT '0',
  `obstaclesSizeMax` int(3) NOT NULL DEFAULT '0',
  PRIMARY KEY (`id`)
) ENGINE=InnoDB AUTO_INCREMENT=3 DEFAULT CHARSET=latin1;
/*!40101 SET character_set_client = @saved_cs_client */;

--
-- Dumping data for table `games`
--

LOCK TABLES `games` WRITE;
/*!40000 ALTER TABLE `games` DISABLE KEYS */;
INSERT INTO `games` VALUES (1,'myGame','active',1,-1,3500,1500,11,3,10,10,4,50,200),(2,'myGame','active',1,0,3500,1500,11,3,10,10,4,50,200);
/*!40000 ALTER TABLE `games` ENABLE KEYS */;
UNLOCK TABLES;

--
-- Table structure for table `globals`
--

DROP TABLE IF EXISTS `globals`;
/*!40101 SET @saved_cs_client     = @@character_set_client */;
/*!40101 SET character_set_client = utf8 */;
CREATE TABLE `globals` (
  `id` int(4) NOT NULL AUTO_INCREMENT,
  `playerstatusid` int(4) DEFAULT '0',
  `unitid` int(3) NOT NULL DEFAULT '0',
  `turn` int(4) DEFAULT '0',
  `type` varchar(20) DEFAULT '',
  `scope` int(11) NOT NULL DEFAULT '0',
  `value` decimal(5,2) DEFAULT '0.00',
  `notes` varchar(20) NOT NULL DEFAULT '',
  `text` varchar(50) NOT NULL DEFAULT '',
  PRIMARY KEY (`id`)
) ENGINE=InnoDB AUTO_INCREMENT=5 DEFAULT CHARSET=latin1;
/*!40101 SET character_set_client = @saved_cs_client */;

--
-- Dumping data for table `globals`
--

LOCK TABLES `globals` WRITE;
/*!40000 ALTER TABLE `globals` DISABLE KEYS */;
INSERT INTO `globals` VALUES (1,1,0,0,'Morale',0,100.00,'',''),(2,2,0,0,'Morale',0,115.00,'',''),(3,3,0,0,'Morale',0,100.00,'',''),(4,4,0,0,'Morale',0,100.00,'','');
/*!40000 ALTER TABLE `globals` ENABLE KEYS */;
UNLOCK TABLES;

--
-- Table structure for table `loads`
--

DROP TABLE IF EXISTS `loads`;
/*!40101 SET @saved_cs_client     = @@character_set_client */;
/*!40101 SET character_set_client = utf8 */;
CREATE TABLE `loads` (
  `id` int(4) NOT NULL AUTO_INCREMENT,
  `shipid` int(5) DEFAULT NULL,
  `systemid` int(3) DEFAULT NULL,
  `name` varchar(20) DEFAULT NULL,
  `amount` int(3) DEFAULT NULL,
  PRIMARY KEY (`id`)
) ENGINE=InnoDB DEFAULT CHARSET=latin1;
/*!40101 SET character_set_client = @saved_cs_client */;

--
-- Dumping data for table `loads`
--

LOCK TABLES `loads` WRITE;
/*!40000 ALTER TABLE `loads` DISABLE KEYS */;
/*!40000 ALTER TABLE `loads` ENABLE KEYS */;
UNLOCK TABLES;

--
-- Table structure for table `missions`
--

DROP TABLE IF EXISTS `missions`;
/*!40101 SET @saved_cs_client     = @@character_set_client */;
/*!40101 SET character_set_client = utf8 */;
CREATE TABLE `missions` (
  `id` int(4) NOT NULL AUTO_INCREMENT,
  `unitid` int(4) NOT NULL DEFAULT '0',
  `type` varchar(20) NOT NULL DEFAULT '1',
  `turn` int(1) NOT NULL DEFAULT '0',
  `targetid` int(4) NOT NULL DEFAULT '0',
  `x` int(4) NOT NULL DEFAULT '0',
  `y` int(4) NOT NULL DEFAULT '0',
  `arrived` tinyint(1) NOT NULL DEFAULT '0',
  PRIMARY KEY (`id`)
) ENGINE=InnoDB DEFAULT CHARSET=latin1;
/*!40101 SET character_set_client = @saved_cs_client */;

--
-- Dumping data for table `missions`
--

LOCK TABLES `missions` WRITE;
/*!40000 ALTER TABLE `missions` DISABLE KEYS */;
/*!40000 ALTER TABLE `missions` ENABLE KEYS */;
UNLOCK TABLES;

--
-- Table structure for table `playerstatus`
--

DROP TABLE IF EXISTS `playerstatus`;
/*!40101 SET @saved_cs_client     = @@character_set_client */;
/*!40101 SET character_set_client = utf8 */;
CREATE TABLE `playerstatus` (
  `id` int(3) NOT NULL AUTO_INCREMENT,
  `userid` int(3) DEFAULT NULL,
  `gameid` int(3) DEFAULT NULL,
  `turn` int(3) DEFAULT NULL,
  `phase` int(3) DEFAULT NULL,
  `faction` varchar(20) DEFAULT NULL,
  `morale` int(4) NOT NULL DEFAULT '0',
  `value` int(5) DEFAULT NULL,
  `maxFocus` int(4) DEFAULT '0',
  `gainFocus` int(4) DEFAULT '0',
  `curFocus` int(4) DEFAULT '0',
  `status` varchar(255) DEFAULT NULL,
  PRIMARY KEY (`id`)
) ENGINE=InnoDB AUTO_INCREMENT=5 DEFAULT CHARSET=latin1;
/*!40101 SET character_set_client = @saved_cs_client */;

--
-- Dumping data for table `playerstatus`
--

LOCK TABLES `playerstatus` WRITE;
/*!40000 ALTER TABLE `playerstatus` DISABLE KEYS */;
INSERT INTO `playerstatus` VALUES (1,1,1,1,-1,'Earth Alliance',450,4550,0,0,0,'waiting'),(2,2,1,1,-1,'Narn Regime',750,4250,0,0,0,'waiting'),(3,1,2,1,0,'Minbari Federation',1500,3500,0,0,0,'waiting'),(4,2,2,1,0,'Earth Alliance',775,4225,0,0,0,'ready');
/*!40000 ALTER TABLE `playerstatus` ENABLE KEYS */;
UNLOCK TABLES;

--
-- Table structure for table `powers`
--

DROP TABLE IF EXISTS `powers`;
/*!40101 SET @saved_cs_client     = @@character_set_client */;
/*!40101 SET character_set_client = utf8 */;
CREATE TABLE `powers` (
  `id` int(5) NOT NULL AUTO_INCREMENT,
  `unitid` int(5) DEFAULT NULL,
  `systemid` int(5) DEFAULT NULL,
  `turn` int(2) DEFAULT NULL,
  `type` varchar(10) DEFAULT NULL,
  `cost` int(3) DEFAULT NULL,
  PRIMARY KEY (`id`)
) ENGINE=InnoDB AUTO_INCREMENT=5 DEFAULT CHARSET=latin1;
/*!40101 SET character_set_client = @saved_cs_client */;

--
-- Dumping data for table `powers`
--

LOCK TABLES `powers` WRITE;
/*!40000 ALTER TABLE `powers` DISABLE KEYS */;
INSERT INTO `powers` VALUES (1,14,14,1,'-1',0),(2,14,15,1,'-1',0),(3,14,21,1,'-1',0),(4,14,22,1,'-1',0);
/*!40000 ALTER TABLE `powers` ENABLE KEYS */;
UNLOCK TABLES;

--
-- Table structure for table `sensors`
--

DROP TABLE IF EXISTS `sensors`;
/*!40101 SET @saved_cs_client     = @@character_set_client */;
/*!40101 SET character_set_client = utf8 */;
CREATE TABLE `sensors` (
  `id` int(5) NOT NULL AUTO_INCREMENT,
  `unitid` int(5) DEFAULT NULL,
  `systemid` int(5) DEFAULT NULL,
  `turn` int(3) DEFAULT NULL,
  `angle` decimal(5,2) DEFAULT NULL,
  `dist` int(4) DEFAULT NULL,
  `type` int(3) DEFAULT '0',
  PRIMARY KEY (`id`)
) ENGINE=InnoDB AUTO_INCREMENT=3 DEFAULT CHARSET=latin1;
/*!40101 SET character_set_client = @saved_cs_client */;

--
-- Dumping data for table `sensors`
--

LOCK TABLES `sensors` WRITE;
/*!40000 ALTER TABLE `sensors` DISABLE KEYS */;
INSERT INTO `sensors` VALUES (1,13,4,1,-1.00,146,0),(2,14,4,1,-1.00,102,0);
/*!40000 ALTER TABLE `sensors` ENABLE KEYS */;
UNLOCK TABLES;

--
-- Table structure for table `subunits`
--

DROP TABLE IF EXISTS `subunits`;
/*!40101 SET @saved_cs_client     = @@character_set_client */;
/*!40101 SET character_set_client = utf8 */;
CREATE TABLE `subunits` (
  `id` int(4) NOT NULL AUTO_INCREMENT,
  `unitid` int(4) DEFAULT NULL,
  `amount` int(2) DEFAULT NULL,
  `name` varchar(20) DEFAULT NULL,
  PRIMARY KEY (`id`)
) ENGINE=InnoDB DEFAULT CHARSET=latin1;
/*!40101 SET character_set_client = @saved_cs_client */;

--
-- Dumping data for table `subunits`
--

LOCK TABLES `subunits` WRITE;
/*!40000 ALTER TABLE `subunits` DISABLE KEYS */;
/*!40000 ALTER TABLE `subunits` ENABLE KEYS */;
UNLOCK TABLES;

--
-- Table structure for table `systemcrits`
--

DROP TABLE IF EXISTS `systemcrits`;
/*!40101 SET @saved_cs_client     = @@character_set_client */;
/*!40101 SET character_set_client = utf8 */;
CREATE TABLE `systemcrits` (
  `id` int(4) NOT NULL AUTO_INCREMENT,
  `shipid` int(4) DEFAULT NULL,
  `systemid` int(4) DEFAULT NULL,
  `turn` int(3) DEFAULT NULL,
  `type` varchar(255) DEFAULT NULL,
  `duration` int(3) DEFAULT NULL,
  `value` decimal(5,2) DEFAULT NULL,
  PRIMARY KEY (`id`)
) ENGINE=InnoDB DEFAULT CHARSET=latin1;
/*!40101 SET character_set_client = @saved_cs_client */;

--
-- Dumping data for table `systemcrits`
--

LOCK TABLES `systemcrits` WRITE;
/*!40000 ALTER TABLE `systemcrits` DISABLE KEYS */;
/*!40000 ALTER TABLE `systemcrits` ENABLE KEYS */;
UNLOCK TABLES;

--
-- Table structure for table `units`
--

DROP TABLE IF EXISTS `units`;
/*!40101 SET @saved_cs_client     = @@character_set_client */;
/*!40101 SET character_set_client = utf8 */;
CREATE TABLE `units` (
  `id` int(3) NOT NULL AUTO_INCREMENT,
  `gameid` int(3) DEFAULT '0',
  `userid` int(3) DEFAULT '0',
  `type` int(1) NOT NULL DEFAULT '0',
  `name` varchar(255) DEFAULT '',
  `callsign` varchar(40) NOT NULL DEFAULT '',
  `totalCost` int(4) NOT NULL DEFAULT '0',
  `moraleCost` int(4) NOT NULL DEFAULT '0',
  `status` varchar(255) DEFAULT '',
  `command` tinyint(4) DEFAULT '0',
  `available` int(3) DEFAULT '0',
  `withdraw` int(2) NOT NULL DEFAULT '0',
  `manual` tinyint(4) NOT NULL DEFAULT '0',
  `destroyed` tinyint(1) DEFAULT '0',
  `x` int(4) DEFAULT '0',
  `y` int(4) DEFAULT '0',
  `facing` decimal(5,2) NOT NULL DEFAULT '0.00',
  `delay` int(4) NOT NULL DEFAULT '0',
  `thrust` int(3) DEFAULT '0',
  `rolling` int(2) DEFAULT '0',
  `rolled` int(2) DEFAULT '0',
  `flipped` int(2) DEFAULT '0',
  `turn` int(1) DEFAULT '0',
  `phase` int(1) DEFAULT '0',
  `focus` tinyint(4) DEFAULT '0',
  `notes` varchar(50) DEFAULT '',
  PRIMARY KEY (`id`)
) ENGINE=InnoDB AUTO_INCREMENT=25 DEFAULT CHARSET=latin1;
/*!40101 SET character_set_client = @saved_cs_client */;

--
-- Dumping data for table `units`
--

LOCK TABLES `units` WRITE;
/*!40000 ALTER TABLE `units` DISABLE KEYS */;
INSERT INTO `units` VALUES (1,1,1,4,'Avenger','',450,450,'bought',1,1,0,0,0,0,0,0.00,0,0,0,0,0,0,0,0,''),(2,1,2,4,'GSten','',750,750,'bought',1,1,0,0,0,0,0,0.00,0,0,0,0,0,0,0,0,''),(3,1,0,0,'Obstacle','',0,0,'deployed',0,0,0,0,0,398,198,341.00,92,43,32,21,57,1,-1,0,''),(4,1,0,0,'Obstacle','',0,0,'deployed',0,0,0,0,0,-275,-367,42.00,195,30,16,11,54,1,-1,0,''),(5,1,0,0,'Obstacle','',0,0,'deployed',0,0,0,0,0,138,-242,101.00,171,24,28,28,34,1,-1,0,''),(6,1,0,0,'Obstacle','',0,0,'deployed',0,0,0,0,0,175,-338,207.00,166,45,35,70,20,1,-1,0,''),(7,1,0,0,'Obstacle','',0,0,'deployed',0,0,0,0,0,199,283,72.00,175,23,19,38,20,1,-1,0,''),(8,1,0,0,'Obstacle','',0,0,'deployed',0,0,0,0,0,-114,280,253.00,79,96,37,37,31,1,-1,0,''),(9,1,0,0,'Obstacle','',0,0,'deployed',0,0,0,0,0,-115,-216,39.00,157,54,30,60,15,1,-1,0,''),(10,1,0,0,'Obstacle','',0,0,'deployed',0,0,0,0,0,163,-425,340.00,192,22,25,13,70,1,-1,0,''),(11,1,0,0,'Obstacle','',0,0,'deployed',0,0,0,0,0,-305,167,114.00,90,86,32,32,32,1,-1,0,''),(12,1,0,0,'Obstacle','',0,0,'deployed',0,0,0,0,0,-118,475,158.00,185,22,37,19,78,1,-1,0,''),(13,2,1,4,'Sharlin','',1500,1500,'bought',1,1,0,0,0,-521,-223,0.00,0,140,0,0,0,1,-1,0,''),(14,2,2,4,'Hyperion','',775,775,'bought',1,1,0,0,0,465,350,0.00,0,155,0,0,0,1,-1,0,''),(15,3,0,0,'Obstacle','',0,0,'deployed',0,0,0,0,0,305,-256,267.00,99,46,30,4,1,1,-1,0,''),(16,3,0,0,'Obstacle','',0,0,'deployed',0,0,0,0,0,181,-154,151.00,151,38,40,2,1,1,-1,0,''),(17,3,0,0,'Obstacle','',0,0,'deployed',0,0,0,0,0,159,223,318.00,60,141,32,1,1,1,-1,0,''),(18,3,0,0,'Obstacle','',0,0,'deployed',0,0,0,0,0,-138,221,219.00,195,40,27,2,1,1,-1,0,''),(19,3,0,0,'Obstacle','',0,0,'deployed',0,0,0,0,0,-291,171,229.00,94,79,28,3,1,1,-1,0,''),(20,3,0,0,'Obstacle','',0,0,'deployed',0,0,0,0,0,258,-352,155.00,119,42,35,1,1,1,-1,0,''),(21,2,0,0,'Obstacle','',0,0,'deployed',0,0,0,0,0,-322,-199,219.00,128,44,20,2,1,1,-1,0,''),(22,3,0,0,'Obstacle','',0,0,'deployed',0,0,0,0,0,307,218,300.00,118,32,29,3,1,1,-1,0,''),(23,3,0,0,'Obstacle','',0,0,'deployed',0,0,0,0,0,222,252,360.00,132,51,16,3,1,1,-1,0,''),(24,3,0,0,'Obstacle','',0,0,'deployed',0,0,0,0,0,161,485,325.00,54,122,28,4,1,1,-1,0,'');
/*!40000 ALTER TABLE `units` ENABLE KEYS */;
UNLOCK TABLES;

--
-- Table structure for table `users`
--

DROP TABLE IF EXISTS `users`;
/*!40101 SET @saved_cs_client     = @@character_set_client */;
/*!40101 SET character_set_client = utf8 */;
CREATE TABLE `users` (
  `id` int(3) NOT NULL AUTO_INCREMENT,
  `username` varchar(255) DEFAULT NULL,
  `password` varchar(255) DEFAULT NULL,
  `access` int(3) DEFAULT NULL,
  PRIMARY KEY (`id`)
) ENGINE=InnoDB AUTO_INCREMENT=3 DEFAULT CHARSET=latin1;
/*!40101 SET character_set_client = @saved_cs_client */;

--
-- Dumping data for table `users`
--

LOCK TABLES `users` WRITE;
/*!40000 ALTER TABLE `users` DISABLE KEYS */;
INSERT INTO `users` VALUES (1,'Chris','1',0),(2,'1','1',0);
/*!40000 ALTER TABLE `users` ENABLE KEYS */;
UNLOCK TABLES;
/*!40103 SET TIME_ZONE=@OLD_TIME_ZONE */;

/*!40101 SET SQL_MODE=@OLD_SQL_MODE */;
/*!40014 SET FOREIGN_KEY_CHECKS=@OLD_FOREIGN_KEY_CHECKS */;
/*!40014 SET UNIQUE_CHECKS=@OLD_UNIQUE_CHECKS */;
/*!40101 SET CHARACTER_SET_CLIENT=@OLD_CHARACTER_SET_CLIENT */;
/*!40101 SET CHARACTER_SET_RESULTS=@OLD_CHARACTER_SET_RESULTS */;
/*!40101 SET COLLATION_CONNECTION=@OLD_COLLATION_CONNECTION */;
/*!40111 SET SQL_NOTES=@OLD_SQL_NOTES */;

-- Dump completed on 2018-10-18 14:21:10
